-- CARGA DE DATOS DE PRUEBA

-- Volcando datos para la tabla mtdb.config_terminales: ~10 rows
DELETE FROM `config_terminales`;
INSERT INTO `config_terminales` (`id_terminal`, `denom_terminal`, `ip_servidor`, `usuario_servidor`, `contrasena_servidor`, `denom_bdd`, `estado`, `fh_ult_sincro`) VALUES
	(1, 'PC DEPOSITO', NULL, NULL, NULL, NULL, NULL, NULL),
	(2, 'MAQUINA 1', NULL, NULL, NULL, NULL, NULL, NULL),
	(3, 'MAQUINA 2', NULL, NULL, NULL, NULL, NULL, NULL),
	(4, 'MAQUINA 3', NULL, NULL, NULL, NULL, NULL, NULL);

-- Volcando datos para la tabla mtdb.usuarios: ~13 rows
DELETE FROM `usuarios`;
INSERT INTO `usuarios` (`id_usuario`, `fh_creacion`, `fh_modificacion`, `dni`, `contrasena`, `nombre`, `apellido`, `permisos`) VALUES
	(1, '2023-01-01 00:00:00', NULL, NULL, NULL, 'OPERARIO 1', NULL, 'OPERARIO'),
	(2, '2023-01-01 00:00:00', NULL, NULL, NULL, 'OPERARIO 2', NULL, 'OPERARIO'),
	(3, '2023-01-01 00:00:00', NULL, NULL, NULL, 'OPERARIO 3', NULL, 'OPERARIO'),
	(4, '2023-01-01 00:00:00', NULL, NULL, NULL, 'OPERARIO 4', NULL, 'OPERARIO'),
	(5, '2023-01-01 00:00:00', NULL, NULL, NULL, 'OPERARIO 5', NULL, 'OPERARIO'),
	(6, '2023-01-01 00:00:00', NULL, NULL, NULL, 'OPERARIO 6', NULL, 'OPERARIO'),
	(7, '2023-01-01 00:00:00', NULL, NULL, NULL, 'OPERARIO 7', NULL, 'OPERARIO'),
	(8, '2023-01-01 00:00:00', NULL, NULL, NULL, 'OPERARIO 8', NULL, 'OPERARIO'),
	(9, '2023-01-01 00:00:00', NULL, NULL, NULL, 'ENCARGADO DE DEPOSITO', NULL, 'DEPOSITO'),
	(10, '2023-01-01 00:00:00', NULL, NULL, NULL, 'ADMINISTRADOR', NULL, 'ADMINISTRADOR'),
	(11, '2023-01-01 00:00:00', NULL, NULL, NULL, 'OPERARIO 9', NULL, 'OPERARIO'),
	(12, '2023-01-01 00:00:00', NULL, NULL, NULL, 'OPERARIO 10', NULL, 'OPERARIO'),
	(13, '2023-01-01 00:00:00', NULL, NULL, NULL, 'OPERARIO 11', NULL, 'OPERARIO');

-- Volcando datos para la tabla mtdb.pprod_cortelad: ~88 rows
DELETE FROM `pprod_cortelad`;
INSERT INTO `pprod_cortelad` (`id_pprod`, `id_terminal`, `fh_creacion`, `fh_modificacion`, `id_usuario`, `fh_inicio`, `fh_fin`, `total_hs`, `hs_parada_prog`, `hs_disponibles`, `hs_parada_no_prog`, `hs_operativas`, `disponibilidad`, `rendimiento`, `calidad`, `oee`, `comentarios`, `estado`, `maquina`, `cons_bloques`, `cons_tapas`, `cons_retazos`, `lad10conf`, `lad12conf`, `lad16conf`, `lad10nc`, `lad12nc`, `lad16nc`) VALUES
    ('LA1-1', '1', '2023-03-06 14:55:03', '2023-03-24 07:37:53', '4', '2023-03-06 07:00:00', '2023-03-06 15:00:00', '8.0', '0.0', '8.0', '0.0', '8.0', NULL, NULL, NULL, NULL, NULL, 'CARGADA', 'MAQUINA 1', '13', '0', '0', '648', '90', '378', '0', '0', '0'),
	('LA1-2', '1', '2023-04-14 08:58:58', '2023-04-14 09:25:23', '7', '2023-04-12 09:21:00', '2023-04-12 15:00:00', '5.65', '0.0', '5.65', '0.0', '5.65', NULL, NULL, NULL, NULL, NULL, 'EXPORTADA', 'MAQUINA 1', '0', '19', '0', '0', '32', '81', '0', '0', '0'),
	('LA2-1', '2', '2023-03-16 12:34:31', '2023-04-08 09:13:06', '4', '2023-03-16 07:00:00', '2023-03-16 15:00:00', '8.0', '0.5', '7.5', '2.25', '5.25', NULL, NULL, NULL, NULL, NULL, 'EXPORTADA', 'MAQUINA 1', '16', '0', '0', '0', '1440', '0', '0', '0', '0'),
	('LA2-10', '2', '2023-04-01 10:08:12', '2023-04-01 10:10:21', '4', '2023-03-20 07:00:00', '2023-03-20 15:00:00', '8.0', '0.5', '7.5', '0.0', '7.5', NULL, NULL, NULL, NULL, NULL, 'CARGADA', 'MAQUINA 1', '13', '1', '0', '50', '1170', '0', '0', '0', '0'),
	('LA2-11', '2', '2023-04-01 11:45:52', '2023-04-01 11:46:01', '4', '2023-04-01 08:00:00', '2023-04-01 12:00:00', '4.0', '0.0', '4.0', '0.0', '4.0', NULL, NULL, NULL, NULL, NULL, 'CARGADA', 'MAQUINA 1', '0', '1', '0', '0', '40', '0', '0', '0', '0'),
	('LA2-12', '2', '2023-04-03 19:46:31', '2023-04-03 19:51:02', '4', '2023-04-03 07:00:00', '2023-04-03 15:00:00', '8.0', '0.5', '7.5', '0.0', '7.5', NULL, NULL, NULL, NULL, NULL, 'CARGADA', 'MAQUINA 1', '20', '0', '0', '0', '1792', '0', '0', '8', '0'),
	('LA2-13', '2', '2023-04-04 19:56:42', '2023-04-04 20:00:45', '4', '2023-04-04 07:00:00', '2023-04-04 15:00:00', '8.0', '0.5', '7.5', '0.0', '7.5', NULL, NULL, NULL, NULL, NULL, 'CARGADA', 'MAQUINA 1', '21', '0', '0', '0', '1868', '0', '0', '22', '0'),
	('LA2-14', '2', '2023-04-05 14:34:32', '2023-04-05 14:42:29', '4', '2023-04-05 07:00:00', '2023-04-05 15:00:00', '8.0', '0.5', '7.5', '0.0', '7.5', NULL, NULL, NULL, NULL, NULL, 'CARGADA', 'MAQUINA 1', '12', '1', '0', '1280', '0', '0', '18', '0', '0'),
	('LA2-15', '2', '2023-04-06 14:32:16', '2023-04-08 09:13:06', '4', '2023-04-06 07:00:00', '2023-04-06 15:00:00', '8.0', '0.5', '7.5', '0.0', '7.5', NULL, NULL, NULL, NULL, NULL, 'EXPORTADA', 'MAQUINA 1', '3', '3', '1', '430', '120', '0', '0', '0', '0'),
	('LA2-16', '2', '2023-04-11 11:38:56', '2023-04-13 09:02:06', '7', '2023-04-11 07:00:00', '2023-04-11 15:00:00', '8.0', '0.0', '8.0', '0.0', '8.0', NULL, NULL, NULL, NULL, NULL, 'EXPORTADA', 'MAQUINA 1', '8', '0', '0', '0', '0', '483', '0', '0', '21'),
	('LA2-17', '2', '2023-04-12 08:20:22', '2023-04-13 10:06:01', '7', '2023-04-12 07:00:00', '2023-04-12 15:00:00', '8.0', '0.0', '8.0', '0.0', '8.0', NULL, NULL, NULL, NULL, NULL, 'ANULADA', 'MAQUINA 1', '10', '1', '0', '746', '0', '189', '10', '0', '2'),
	('LA2-18', '2', '2023-04-13 10:47:27', '2023-04-14 08:53:34', '7', '2023-04-13 09:30:00', '2023-04-13 15:00:00', '5.5', '0.0', '5.5', '0.0', '5.5', NULL, NULL, NULL, NULL, NULL, 'ANULADA', 'MAQUINA 1', '0', '3', '9', '0', '32', '45', '0', '0', '0'),
	('LA2-19', '2', '2023-04-14 11:39:10', '2023-04-15 09:41:29', '7', '2023-04-14 07:00:00', '2023-04-14 15:00:00', '8.0', '0.0', '8.0', '0.0', '8.0', NULL, NULL, NULL, NULL, NULL, 'EXPORTADA', 'MAQUINA 1', '9', '3', '5', '0', '784', '45', '0', '32', '0'),
	('LA2-2', '2', '2023-03-20 12:57:05', '2023-03-20 13:53:24', '4', '2023-03-20 06:00:00', '2023-03-20 14:00:00', '8.0', '0.5', '7.5', '2.5', '5.0', NULL, NULL, NULL, NULL, NULL, 'CARGADA', 'MAQUINA 1', '17', '0', '0', '0', '1530', '0', '0', '0', '0'),
	('LA2-20', '2', '2023-04-17 14:39:35', '2023-04-17 14:46:07', '4', '2023-04-17 07:00:00', '2023-04-17 15:00:00', '8.0', '0.5', '7.5', '0.0', '7.5', NULL, NULL, NULL, NULL, NULL, 'CARGADA', 'MAQUINA 1', '20', '1', '0', '0', '1800', '0', '0', '2', '0'),
	('LA2-21', '2', '2023-04-18 15:57:54', '2023-04-18 16:01:47', '4', '2023-04-18 08:00:00', '2023-04-18 16:00:00', '8.0', '0.5', '7.5', '0.0', '7.5', NULL, NULL, NULL, NULL, NULL, 'CARGADA', 'MAQUINA 1', '22', '0', '0', '0', '1976', '0', '0', '4', '0'),
	('LA2-22', '2', '2023-04-19 11:10:15', '2023-04-19 15:56:34', '4', '2023-04-19 08:00:00', '2023-04-19 16:00:00', '8.0', '0.5', '7.5', '0.0', '7.5', NULL, NULL, NULL, NULL, NULL, 'CARGADA', 'MAQUINA 1', '9', '1', '0', '0', '880', '0', '0', '0', '0'),
	('LA2-23', '2', '2023-04-20 15:51:46', '2023-04-20 15:54:50', '4', '2023-04-20 08:00:00', '2023-04-20 16:00:00', '8.0', '0.5', '7.5', '0.0', '7.5', NULL, NULL, NULL, NULL, NULL, 'CARGADA', 'MAQUINA 1', '18', '1', '0', '0', '0', '1104', '0', '0', '32'),
	('LA2-24', '2', '2023-04-21 14:07:07', '2023-04-21 15:46:06', '4', '2023-04-21 08:00:00', '2023-04-21 16:00:00', '8.0', '0.5', '7.5', '0.0', '7.5', NULL, NULL, NULL, NULL, NULL, 'CARGADA', 'MAQUINA 1', '20', '0', '0', '0', '1800', '0', '0', '0', '0'),
	('LA2-25', '2', '2023-04-22 11:53:57', '2023-04-22 11:57:45', '4', '2023-04-22 08:00:00', '2023-04-22 12:00:00', '4.0', '0.0', '4.0', '0.0', '4.0', NULL, NULL, NULL, NULL, NULL, 'CARGADA', 'MAQUINA 1', '11', '1', '0', '0', '992', '0', '0', '2', '0'),
	('LA2-26', '2', '2023-04-24 15:36:55', '2023-04-24 15:45:34', '4', '2023-04-24 08:00:00', '2023-04-24 16:00:00', '8.0', '0.5', '7.5', '0.0', '7.5', NULL, NULL, NULL, NULL, NULL, 'CARGADA', 'MAQUINA 1', '15', '1', '2', '0', '1496', '0', '0', '0', '0'),
	('LA2-27', '2', '2023-04-25 15:57:55', '2023-04-25 16:06:03', '4', '2023-04-25 07:00:00', '2023-04-25 16:00:00', '9.0', '0.5', '8.5', '0.0', '8.5', NULL, NULL, NULL, NULL, NULL, 'CARGADA', 'MAQUINA 1', '22', '1', '0', '0', '1792', '120', '0', '12', '6'),
	('LA2-28', '2', '2023-04-26 15:51:06', '2023-04-26 16:03:16', '4', '2023-04-26 07:00:00', '2023-04-26 16:00:00', '9.0', '0.5', '8.5', '0.0', '8.5', NULL, NULL, NULL, NULL, NULL, 'CARGADA', 'MAQUINA 1', '22', '3', '0', '1840', '456', '0', '0', '0', '0'),
	('LA2-29', '2', '2023-04-27 15:57:36', '2023-04-27 15:58:06', '4', '2023-04-27 07:00:00', '2023-04-27 16:00:00', '9.0', '0.5', '8.5', '0.0', '8.5', NULL, NULL, NULL, NULL, NULL, 'CARGADA', 'MAQUINA 1', '0', '2', '0', '30', '80', '0', '0', '0', '0'),
	('LA2-3', '2', '2023-03-21 13:40:19', '2023-03-21 13:49:12', '4', '2023-03-21 06:00:00', '2023-03-21 14:00:00', '8.0', '0.5', '7.5', '0.0', '7.5', NULL, NULL, NULL, NULL, NULL, 'CARGADA', 'MAQUINA 1', '23', '0', '0', '0', '2038', '0', '0', '32', '0'),
	('LA2-30', '2', '2023-04-28 15:04:30', '2023-04-28 15:09:20', '4', '2023-04-28 07:00:00', '2023-04-28 16:00:00', '9.0', '0.5', '8.5', '0.0', '8.5', NULL, NULL, NULL, NULL, NULL, 'CARGADA', 'MAQUINA 1', '8', '1', '0', '0', '800', '0', '0', '4', '0'),
	('LA2-31', '2', '2023-05-02 15:52:10', '2023-05-02 15:59:46', '4', '2023-05-02 08:00:00', '2023-05-02 16:00:00', '8.0', '0.5', '7.5', '0.0', '7.5', NULL, NULL, NULL, NULL, NULL, 'CARGADA', 'MAQUINA 1', '20', '1', '0', '0', '1344', '312', '0', '10', '3'),
	('LA2-32', '2', '2023-05-03 15:58:54', '2023-05-03 16:04:11', '4', '2023-05-03 08:00:00', '2023-05-03 16:00:00', '8.0', '0.5', '7.5', '0.0', '7.5', NULL, NULL, NULL, NULL, NULL, 'CARGADA', 'MAQUINA 1', '12', '0', '0', '850', '0', '246', '14', '0', '6'),
	('LA2-33', '2', '2023-05-04 10:16:05', '2023-05-04 15:43:03', '4', '2023-05-04 08:00:00', '2023-05-04 16:00:00', '8.0', '0.5', '7.5', '0.0', '7.5', NULL, NULL, NULL, NULL, NULL, 'CARGADA', 'MAQUINA 1', '3', '1', '0', '330', '0', '0', '0', '0', '0'),
	('LA2-34', '2', '2023-05-05 15:54:41', '2023-05-05 15:58:46', '4', '2023-05-05 08:00:00', '2023-05-05 16:00:00', '8.0', '1.0', '7.0', '0.0', '7.0', NULL, NULL, NULL, NULL, NULL, 'CARGADA', 'MAQUINA 1', '3', '0', '0', '0', '264', '0', '0', '6', '0'),
	('LA2-35', '2', '2023-05-11 15:50:02', '2023-05-11 15:53:13', '4', '2023-05-11 07:00:00', '2023-05-11 16:00:00', '9.0', '0.5', '8.5', '0.0', '8.5', NULL, NULL, NULL, NULL, NULL, 'CARGADA', 'MAQUINA 1', '14', '0', '0', '1480', '0', '0', '32', '0', '0'),
	('LA2-36', '2', '2023-05-12 13:53:42', '2023-05-12 14:50:28', '4', '2023-05-12 07:00:00', '2023-05-12 16:00:00', '9.0', '0.5', '8.5', '0.0', '8.5', NULL, NULL, NULL, NULL, NULL, 'CARGADA', 'MAQUINA 1', '5', '1', '0', '0', '0', '318', '0', '0', '0'),
	('LA2-37', '2', '2023-06-07 15:52:51', '2023-06-07 16:01:09', '4', '2023-06-07 07:00:00', '2023-06-07 16:00:00', '9.0', '0.5', '8.5', '0.0', '8.5', NULL, NULL, NULL, NULL, NULL, 'CARGADA', 'MAQUINA 1', '3', '2', '0', '0', '272', '1', '0', '0', '0'),
	('LA2-38', '2', '2023-06-08 15:41:48', '2023-06-08 16:02:23', '4', '2023-06-08 07:00:00', '2023-06-08 16:00:00', '9.0', '0.5', '8.5', '0.0', '8.5', NULL, NULL, NULL, NULL, NULL, 'CARGADA', 'MAQUINA 1', '13', '1', '0', '0', '0', '794', '0', '0', '27'),
	('LA2-39', '2', '2023-06-09 15:44:54', '2023-06-09 15:49:07', '4', '2023-06-09 07:00:00', '2023-06-09 16:00:00', '9.0', '0.5', '8.5', '0.0', '8.5', NULL, NULL, NULL, NULL, NULL, 'CARGADA', 'MAQUINA 1', '18', '1', '0', '0', '1624', '0', '0', '2', '0'),
	('LA2-4', '2', '2023-03-22 13:48:32', '2023-03-22 13:53:32', '4', '2023-03-22 06:00:00', '2023-03-22 14:00:00', '8.0', '0.5', '7.5', '0.0', '7.5', NULL, NULL, NULL, NULL, NULL, 'CARGADA', 'MAQUINA 1', '23', '0', '0', '0', '2060', '0', '0', '10', '0'),
	('LA2-40', '2', '2023-06-13 15:40:04', '2023-06-13 15:48:31', '4', '2023-06-13 07:00:00', '2023-06-13 16:00:00', '9.0', '0.5', '8.5', '0.0', '8.5', NULL, NULL, NULL, NULL, NULL, 'CARGADA', 'MAQUINA 1', '23', '1', '0', '2470', '0', '0', '18', '0', '0'),
	('LA2-5', '2', '2023-03-24 13:32:46', '2023-03-24 13:35:01', '4', '2023-03-24 06:00:00', '2023-03-24 14:00:00', '8.0', '0.5', '7.5', '0.0', '7.5', NULL, NULL, NULL, NULL, NULL, 'CARGADA', 'MAQUINA 1', '14', '0', '0', '1512', '0', '0', '0', '0', '0'),
	('LA2-6', '2', '2023-03-27 11:55:59', '2023-03-31 11:18:21', '4', '2023-03-27 07:00:00', '2023-03-27 15:00:00', '8.0', '0.5', '7.5', '0.0', '7.5', NULL, NULL, NULL, NULL, NULL, 'ANULADA', 'MAQUINA 1', '13', '1', '0', '0', '1220', '0', '0', '0', '0'),
	('LA2-7', '2', '2023-03-28 11:06:39', '2023-03-28 15:02:04', '4', '2023-03-28 07:00:00', '2023-03-28 15:00:00', '8.0', '0.5', '7.5', '0.0', '7.5', NULL, NULL, NULL, NULL, NULL, 'CARGADA', 'MAQUINA 1', '11', '1', '1', '0', '1056', '0', '0', '0', '0'),
	('LA2-8', '2', '2023-03-30 15:01:55', '2023-03-30 15:05:26', '4', '2023-03-30 07:00:00', '2023-03-30 15:00:00', '8.0', '0.5', '7.5', '0.0', '7.5', NULL, NULL, NULL, NULL, NULL, 'CARGADA', 'MAQUINA 1', '19', '0', '0', '0', '1696', '0', '0', '14', '0'),
	('LA2-9', '2', '2023-03-31 15:00:57', '2023-03-31 15:05:14', '4', '2023-03-31 07:00:00', '2023-03-31 15:00:00', '8.0', '0.5', '7.5', '0.0', '7.5', NULL, NULL, NULL, NULL, NULL, 'CARGADA', 'MAQUINA 1', '18', '0', '0', '0', '1568', '0', '0', '52', '0'),
	('LA3-1', '3', '2023-03-08 14:41:09', '2023-04-08 09:13:06', '7', '2023-03-08 07:00:00', '2023-03-08 15:00:00', '8.0', '0.0', '8.0', '0.0', '8.0', NULL, NULL, NULL, NULL, NULL, 'EXPORTADA', 'MAQUINA 2', '14', '0', '0', '0', '1260', '0', '0', '0', '0'),
	('LA3-10', '3', '2023-03-21 13:56:30', '2023-03-21 14:01:03', '7', '2023-03-21 06:00:00', '2023-03-21 14:00:00', '8.0', '0.0', '8.0', '0.0', '8.0', NULL, NULL, NULL, NULL, NULL, 'CARGADA', 'MAQUINA 2', '4', '0', '0', '432', '0', '0', '0', '0', '0'),
	('LA3-11', '3', '2023-03-22 14:04:28', '2023-03-22 14:04:45', '7', '2023-03-22 06:00:00', '2023-03-22 14:00:00', '8.0', '0.0', '8.0', '0.0', '8.0', NULL, NULL, NULL, NULL, NULL, 'CARGADA', 'MAQUINA 2', '0', '1', '0', '0', '0', '63', '0', '0', '0'),
	('LA3-12', '3', '2023-03-23 13:42:49', '2023-03-31 11:18:36', '7', '2023-03-23 06:00:00', '2023-03-23 14:00:00', '8.0', '0.0', '8.0', '0.0', '8.0', NULL, NULL, NULL, NULL, NULL, 'ANULADA', 'MAQUINA 2', '15', '0', '0', '0', '0', '945', '0', '0', '0'),
	('LA3-13', '3', '2023-03-24 13:26:55', '2023-03-24 13:27:16', '7', '2023-03-24 06:00:00', '2023-03-24 14:00:00', '8.0', '0.0', '8.0', '0.0', '8.0', NULL, NULL, NULL, NULL, NULL, 'CARGADA', 'MAQUINA 2', '3', '0', '0', '0', '270', '0', '0', '0', '0'),
	('LA3-14', '3', '2023-03-25 10:45:10', '2023-03-25 10:49:17', '7', '2023-03-25 08:00:00', '2023-03-25 11:00:00', '3.0', '0.0', '3.0', '0.0', '3.0', NULL, NULL, NULL, NULL, NULL, 'CARGADA', 'MAQUINA 2', '0', '15', '7', '0', '58', '0', '0', '0', '0'),
	('LA3-15', '3', '2023-03-27 10:26:17', '2023-03-27 11:56:03', '7', '2023-03-27 07:00:00', '2023-03-27 12:00:00', '5.0', '0.0', '5.0', '0.0', '5.0', NULL, NULL, NULL, NULL, NULL, 'CARGADA', 'MAQUINA 2', '13', '0', '0', '0', '1165', '0', '0', '5', '0'),
	('LA3-16', '3', '2023-03-28 11:33:34', '2023-04-14 08:54:49', '7', '2023-03-28 07:00:00', '2023-03-28 15:00:00', '8.0', '0.0', '8.0', '0.0', '8.0', NULL, NULL, NULL, NULL, NULL, 'CARGADA', 'MAQUINA 2', '0', '8', '0', '0', '64', '0', '0', '0', '0'),
	('LA3-17', '3', '2023-03-29 09:04:20', '2023-03-29 14:40:53', '7', '2023-03-29 07:00:00', '2023-03-29 15:00:00', '8.0', '0.0', '8.0', '0.0', '8.0', NULL, NULL, NULL, NULL, NULL, 'CARGADA', 'MAQUINA 2', '16', '2', '0', '0', '1444', '0', '0', '0', '0'),
	('LA3-18', '3', '2023-03-30 07:25:59', '2023-03-30 07:27:19', '7', '2023-03-30 06:00:00', '2023-03-30 14:00:00', '8.0', '0.0', '8.0', '0.0', '8.0', NULL, NULL, NULL, NULL, NULL, 'CARGADA', 'MAQUINA 2', '11', '0', '0', '0', '0', '693', '0', '0', '0'),
	('LA3-19', '3', '2023-04-10 10:34:00', '2023-04-11 08:22:28', '7', '2023-04-10 07:00:00', '2023-04-10 15:00:00', '8.0', '0.0', '8.0', '0.0', '8.0', NULL, NULL, NULL, NULL, NULL, 'EXPORTADA', 'MAQUINA 2', '13', '1', '0', '0', '1168', '0', '0', '4', '0'),
	('LA3-2', '3', '2023-03-09 14:50:34', '2023-04-08 09:13:06', '4', '2023-03-09 07:00:00', '2023-03-09 15:00:00', '8.0', '0.5', '7.5', '0.0', '7.5', NULL, NULL, NULL, NULL, NULL, 'EXPORTADA', 'MAQUINA 1', '8', '0', '0', '864', '0', '0', '0', '0', '0'),
	('LA3-20', '3', '2023-04-13 09:21:35', '2023-04-14 09:25:23', '7', '2023-04-13 07:00:00', '2023-04-13 09:21:00', '2.35', '0.0', '2.35', '0.0', '2.35', NULL, NULL, NULL, NULL, NULL, 'EXPORTADA', 'MAQUINA 2', '4', '0', '0', '432', '0', '0', '0', '0', '0'),
	('LA3-21', '3', '2023-04-18 08:10:05', '2023-04-18 10:41:38', '7', '2023-04-17 07:00:00', '2023-04-17 15:00:00', '8.0', '0.0', '8.0', '0.0', '8.0', NULL, NULL, NULL, NULL, NULL, 'CARGADA', 'MAQUINA 2', '11', '1', '1', '1190', '0', '0', '1', '0', '0'),
	('LA3-22', '3', '2023-04-19 14:53:12', '2023-04-19 14:54:34', '7', '2023-04-19 07:00:00', '2023-04-19 15:00:00', '8.0', '0.0', '8.0', '0.0', '8.0', NULL, NULL, NULL, NULL, NULL, 'CARGADA', 'MAQUINA 2', '8', '0', '0', '0', '0', '492', '0', '0', '12'),
	('LA3-23', '3', '2023-04-22 09:51:56', '2023-04-22 09:54:11', '7', '2023-04-21 07:00:00', '2023-04-21 15:00:00', '8.0', '0.0', '8.0', '0.0', '8.0', NULL, NULL, NULL, NULL, NULL, 'CARGADA', 'MAQUINA 2', '0', '12', '0', '0', '24', '0', '0', '0', '0'),
	('LA3-24', '3', '2023-04-22 10:42:03', '2023-04-22 12:04:31', '7', '2023-04-22 08:00:00', '2023-04-22 12:00:00', '4.0', '0.0', '4.0', '0.0', '4.0', NULL, NULL, NULL, NULL, NULL, 'CARGADA', 'MAQUINA 2', '0', '30', '0', '0', '56', '0', '0', '4', '0'),
	('LA3-25', '3', '2023-04-26 07:20:46', '2023-04-26 07:21:14', '7', '2023-04-25 07:00:00', '2023-04-25 16:00:00', '9.0', '0.0', '9.0', '0.0', '9.0', NULL, NULL, NULL, NULL, NULL, 'CARGADA', 'MAQUINA 2', '0', '0', '2', '20', '0', '0', '0', '0', '0'),
	('LA3-26', '3', '2023-04-27 07:50:27', '2023-04-27 07:51:05', '7', '2023-04-27 07:00:00', '2023-04-27 16:00:00', '9.0', '0.0', '9.0', '0.0', '9.0', NULL, NULL, NULL, NULL, NULL, 'CARGADA', 'MAQUINA 2', '4', '0', '0', '0', '360', '0', '0', '0', '0'),
	('LA3-27', '3', '2023-04-28 07:01:50', '2023-04-28 07:04:35', '7', '2023-04-27 07:00:00', '2023-04-27 16:00:00', '9.0', '0.0', '9.0', '0.0', '9.0', NULL, NULL, NULL, NULL, NULL, 'CARGADA', 'MAQUINA 2', '19', '1', '0', '0', '1712', '0', '0', '0', '0'),
	('LA3-28', '3', '2023-04-28 15:04:21', '2023-04-28 15:06:21', '7', '2023-04-28 07:00:00', '2023-04-28 16:00:00', '9.0', '0.0', '9.0', '0.0', '9.0', NULL, NULL, NULL, NULL, NULL, 'CARGADA', 'MAQUINA 2', '17', '1', '0', '0', '1532', '0', '0', '0', '0'),
	('LA3-29', '3', '2023-05-03 12:42:43', '2023-05-03 14:53:14', '7', '2023-05-03 07:00:00', '2023-05-03 15:00:00', '8.0', '0.0', '8.0', '0.0', '8.0', NULL, NULL, NULL, NULL, NULL, 'CARGADA', 'MAQUINA 2', '5', '3', '0', '0', '456', '0', '0', '0', '0'),
	('LA3-3', '3', '2023-03-10 07:03:04', '2023-04-08 09:13:06', '7', '2023-03-09 07:00:00', '2023-03-09 15:00:00', '8.0', '0.0', '8.0', '0.0', '8.0', NULL, NULL, NULL, NULL, NULL, 'EXPORTADA', 'MAQUINA 2', '21', '0', '0', '0', '1890', '0', '0', '0', '0'),
	('LA3-30', '3', '2023-05-04 07:43:40', '2023-05-04 14:55:07', '7', '2023-05-04 07:00:00', '2023-05-04 15:00:00', '8.0', '0.0', '8.0', '0.0', '8.0', NULL, NULL, NULL, NULL, NULL, 'CARGADA', 'MAQUINA 2', '14', '3', '0', '0', '1264', '0', '0', '2', '0'),
	('LA3-31', '3', '2023-05-05 08:04:33', '2023-05-05 15:06:09', '7', '2023-05-05 07:00:00', '2023-05-05 15:00:00', '8.0', '0.0', '8.0', '0.0', '8.0', NULL, NULL, NULL, NULL, NULL, 'CARGADA', 'MAQUINA 2', '5', '3', '0', '0', '456', '0', '0', '0', '0'),
	('LA3-32', '3', '2023-05-09 14:48:40', '2023-05-09 14:54:57', '7', '2023-05-09 08:30:00', '2023-05-09 15:00:00', '6.5', '0.0', '6.5', '0.0', '6.5', NULL, NULL, NULL, NULL, NULL, 'CARGADA', 'MAQUINA 2', '0', '55', '0', '30', '72', '0', '0', '8', '0'),
	('LA3-33', '3', '2023-05-12 06:55:49', '2023-05-12 06:57:35', '7', '2023-05-11 07:00:00', '2023-05-11 16:00:00', '9.0', '0.0', '9.0', '0.0', '9.0', NULL, NULL, NULL, NULL, NULL, 'CARGADA', 'MAQUINA 2', '14', '1', '0', '0', '1248', '0', '0', '14', '0'),
	('LA3-34', '3', '2023-05-13 07:56:34', '2023-05-13 08:03:41', '7', '2023-05-12 07:00:00', '2023-05-12 15:00:00', '8.0', '0.0', '8.0', '0.0', '8.0', NULL, NULL, NULL, NULL, NULL, 'CARGADA', 'MAQUINA 2', '5', '3', '0', '0', '544', '0', '0', '0', '0'),
	('LA3-35', '3', '2023-05-13 08:47:22', '2023-05-13 11:15:07', '7', '2023-05-12 07:00:00', '2023-05-12 13:00:00', '6.0', '0.0', '6.0', '3.78333', '2.21667', NULL, NULL, NULL, NULL, NULL, 'CARGADA', 'MAQUINA 2', '6', '2', '0', '0', '544', '0', '0', '0', '0'),
	('LA3-36', '3', '2023-05-13 09:31:52', '2023-05-13 10:48:52', '7', '2023-05-13 08:00:00', '2023-05-13 10:50:00', '2.83333', '0.0', '2.83333', '0.0', '2.83333', NULL, NULL, NULL, NULL, NULL, 'CARGADA', 'MAQUINA 2', '0', '26', '0', '20', '32', '0', '0', '0', '0'),
	('LA3-37', '3', '2023-05-15 07:27:16', '2023-05-15 14:55:20', '7', '2023-05-15 07:00:00', '2023-05-15 15:00:00', '8.0', '0.0', '8.0', '2.16667', '5.83333', NULL, NULL, NULL, NULL, NULL, 'CARGADA', 'MAQUINA 2', '14', '2', '0', '0', '1264', '0', '0', '0', '0'),
	('LA3-38', '3', '2023-05-16 07:16:53', '2023-05-16 15:07:07', '7', '2023-05-16 07:00:00', '2023-05-16 15:00:00', '8.0', '0.0', '8.0', '0.0', '8.0', NULL, NULL, NULL, NULL, NULL, 'CARGADA', 'MAQUINA 2', '8', '16', '0', '0', '752', '0', '0', '0', '0'),
	('LA3-39', '3', '2023-05-17 10:26:14', '2023-05-17 14:47:40', '7', '2023-05-17 07:00:00', '2023-05-17 15:00:00', '8.0', '0.0', '8.0', '0.0', '8.0', NULL, NULL, NULL, NULL, NULL, 'CARGADA', 'MAQUINA 2', '10', '1', '0', '0', '2', '630', '0', '0', '0'),
	('LA3-4', '3', '2023-03-10 14:51:34', '2023-04-08 09:13:06', '4', '2023-03-10 07:00:00', '2023-03-10 15:00:00', '8.0', '0.5', '7.5', '0.75', '6.75', NULL, NULL, NULL, NULL, NULL, 'EXPORTADA', 'MAQUINA 1', '18', '0', '0', '740', '0', '693', '16', '0', '0'),
	('LA3-40', '3', '2023-05-18 13:47:19', '2023-05-18 15:55:07', '7', '2023-05-18 07:00:00', '2023-05-18 16:00:00', '9.0', '0.0', '9.0', '0.0', '9.0', NULL, NULL, NULL, NULL, NULL, 'CARGADA', 'MAQUINA 2', '7', '1', '0', '0', '632', '0', '0', '0', '0'),
	('LA3-41', '3', '2023-05-19 09:04:14', '2023-05-19 15:43:58', '7', '2023-05-19 07:48:00', '2023-05-19 16:00:00', '8.2', '0.0', '8.2', '0.0', '8.2', NULL, NULL, NULL, NULL, NULL, 'CARGADA', 'MAQUINA 2', '9', '2', '0', '0', '720', '66', '0', '0', '0'),
	('LA3-42', '3', '2023-05-20 11:35:44', '2023-05-20 11:40:05', '7', '2023-05-20 08:00:00', '2023-05-20 12:00:00', '4.0', '0.0', '4.0', '0.0', '4.0', NULL, NULL, NULL, NULL, NULL, 'CARGADA', 'MAQUINA 2', '0', '23', '6', '0', '41', '50', '0', '0', '0'),
	('LA3-43', '3', '2023-05-22 10:56:32', '2023-05-22 15:41:10', '7', '2023-05-22 08:00:00', '2023-05-22 16:00:00', '8.0', '0.0', '8.0', '0.0', '8.0', NULL, NULL, NULL, NULL, NULL, 'CARGADA', 'MAQUINA 2', '8', '1', '0', '0', '712', '0', '0', '10', '0'),
	('LA3-44', '3', '2023-06-02 11:56:15', '2023-06-05 08:20:33', '7', '2023-06-02 08:00:00', '2023-06-02 16:00:00', '8.0', '0.0', '8.0', '0.0', '8.0', NULL, NULL, NULL, NULL, NULL, 'CARGADA', 'MAQUINA 2', '9', '0', '0', '962', '0', '0', '10', '0', '0'),
	('LA3-45', '3', '2023-06-05 08:21:24', '2023-06-05 08:23:10', '7', '2023-06-05 08:00:00', '2023-06-05 12:00:00', '4.0', '0.0', '4.0', '2.25', '1.75', NULL, NULL, NULL, NULL, NULL, 'CARGADA', 'MAQUINA 2', '0', '4', '0', '0', '8', '0', '0', '0', '0'),
	('LA3-46', '3', '2023-06-07 09:26:06', '2023-06-07 09:29:23', '7', '2023-06-05 07:00:00', '2023-06-05 16:00:00', '9.0', '0.0', '9.0', '0.0', '9.0', NULL, NULL, NULL, NULL, NULL, 'CARGADA', 'MAQUINA 2', '3', '3', '0', '0', '272', '0', '0', '4', '0'),
	('LA3-47', '3', '2023-06-07 10:11:41', '2023-06-07 16:01:37', '7', '2023-06-07 07:00:00', '2023-06-07 16:00:00', '9.0', '0.0', '9.0', '0.0', '9.0', NULL, NULL, NULL, NULL, NULL, 'CARGADA', 'MAQUINA 2', '17', '0', '0', '0', '1528', '0', '0', '2', '0'),
	('LA3-48', '3', '2023-06-08 10:37:49', '2023-06-08 16:01:11', '7', '2023-06-08 07:00:00', '2023-06-08 16:00:00', '9.0', '0.0', '9.0', '0.0', '9.0', NULL, NULL, NULL, NULL, NULL, 'CARGADA', 'MAQUINA 2', '17', '2', '0', '0', '1532', '0', '0', '2', '0'),
	('LA3-49', '3', '2023-06-09 15:43:00', '2023-06-09 15:45:38', '7', '2023-06-09 07:00:00', '2023-06-09 15:42:47', '8.71302', '0.0', '8.71302', '0.0', '8.71302', NULL, NULL, NULL, NULL, NULL, 'EN PROCESO', 'MAQUINA 2', '0', '81', '0', '20', '144', '0', '0', '0', '0'),
	('LA3-5', '3', '2023-03-13 14:55:46', '2023-04-08 09:13:06', '4', '2023-03-13 07:00:00', '2023-03-13 15:00:00', '8.0', '0.5', '7.5', '0.0', '7.5', NULL, NULL, NULL, NULL, NULL, 'EXPORTADA', 'MAQUINA 1', '0', '3', '0', '20', '152', '0', '0', '0', '0'),
	('LA3-6', '3', '2023-03-14 14:53:10', '2023-04-08 09:13:06', '4', '2023-03-14 07:00:00', '2023-03-14 15:00:00', '8.0', '0.5', '7.5', '0.0', '7.5', NULL, NULL, NULL, NULL, NULL, 'EXPORTADA', 'MAQUINA 1', '12', '0', '0', '0', '1080', '0', '0', '0', '0'),
	('LA3-7', '3', '2023-03-15 14:41:34', '2023-04-08 09:13:06', '4', '2023-03-15 07:00:00', '2023-03-15 15:00:00', '8.0', '0.5', '7.5', '0.0', '7.5', NULL, NULL, NULL, NULL, NULL, 'EXPORTADA', 'MAQUINA 1', '17', '0', '0', '0', '1530', '0', '0', '0', '0'),
	('LA3-8', '3', '2023-03-17 14:40:49', '2023-04-08 09:13:06', '7', '2023-03-17 07:00:00', '2023-03-17 15:00:00', '8.0', '0.0', '8.0', '0.0', '8.0', NULL, NULL, NULL, NULL, NULL, 'EXPORTADA', 'MAQUINA 2', '20', '0', '0', '0', '1800', '0', '0', '0', '0'),
	('LA3-9', '3', '2023-03-21 06:06:57', '2023-04-08 09:13:06', '7', '2023-03-20 06:00:00', '2023-03-20 14:00:00', '8.0', '0.0', '8.0', '0.0', '8.0', NULL, NULL, NULL, NULL, NULL, 'EXPORTADA', 'MAQUINA 2', '6', '2', '0', '658', '64', '0', '0', '0', '0');

-- Volcando datos para la tabla mtdb.pprod_embolsado: ~25 rows
DELETE FROM `pprod_embolsado`;
INSERT INTO `pprod_embolsado` (`id_pprod`, `id_terminal`, `fh_creacion`, `fh_modificacion`, `id_usuario`, `fh_inicio`, `fh_fin`, `total_hs`, `hs_parada_prog`, `hs_disponibles`, `hs_parada_no_prog`, `hs_operativas`, `disponibilidad`, `rendimiento`, `calidad`, `oee`, `comentarios`, `estado`, `producto`, `produccion`) VALUES
    ('EM1-1', '1', '2023-03-09 14:57:04', '2023-03-09 14:57:48', '2', '2023-03-09 06:00:00', '2023-03-09 15:00:00', '9.0', '0', '9.0', '0', '9.0', NULL, NULL, NULL, NULL, NULL, 'ANULADA', 'MOLIDO', '88'),
	('EM1-10', '1', '2023-03-21 14:55:53', NULL, '2', '2023-03-21 07:00:00', '2023-03-21 15:00:00', '8.0', '0', '8.0', '0', '8.0', NULL, NULL, NULL, NULL, NULL, 'CARGADA', 'MOLIDO', '114'),
	('EM1-11', '1', '2023-03-22 14:58:03', NULL, '2', '2023-03-22 07:00:00', '2023-03-22 15:00:00', '8.0', '0', '8.0', '0', '8.0', NULL, NULL, NULL, NULL, NULL, 'CARGADA', 'MOLIDO', '110'),
	('EM1-12', '1', '2023-03-23 14:53:39', NULL, '2', '2023-03-23 08:30:00', '2023-03-23 15:00:00', '6.5', '0', '6.5', '0', '6.5', NULL, NULL, NULL, NULL, NULL, 'CARGADA', 'MOLIDO', '89'),
	('EM1-13', '1', '2023-03-27 14:54:58', NULL, '2', '2023-03-27 07:00:00', '2023-03-27 15:00:00', '8.0', '0', '8.0', '0', '8.0', NULL, NULL, NULL, NULL, NULL, 'CARGADA', 'MOLIDO', '114'),
	('EM1-14', '1', '2023-03-28 14:56:16', NULL, '2', '2023-03-28 07:00:00', '2023-03-28 15:00:00', '8.0', '0', '8.0', '0', '8.0', NULL, NULL, NULL, NULL, NULL, 'CARGADA', 'MOLIDO', '110'),
	('EM1-15', '1', '2023-04-03 14:51:19', NULL, '2', '2023-04-03 07:00:00', '2023-04-03 15:00:00', '8.0', '0', '8.0', '0', '8.0', NULL, NULL, NULL, NULL, NULL, 'CARGADA', 'MOLIDO', '56'),
	('EM1-16', '1', '2023-04-05 14:53:29', NULL, '2', '2023-04-05 07:00:00', '2023-04-05 15:00:00', '8.0', '0', '8.0', '0', '8.0', NULL, NULL, NULL, NULL, NULL, 'CARGADA', 'MOLIDO', '97'),
	('EM1-17', '1', '2023-04-10 14:52:40', '2023-04-11 08:22:28', '11', '2023-04-10 07:00:00', '2023-04-10 11:00:00', '4.0', '0', '4.0', '0', '4.0', NULL, NULL, NULL, NULL, NULL, 'EXPORTADA', 'MOLIDO', '52'),
	('EM1-18', '1', '2023-04-17 14:53:59', NULL, '2', '2023-04-17 07:00:00', '2023-04-17 15:00:00', '8.0', '0', '8.0', '0', '8.0', NULL, NULL, NULL, NULL, NULL, 'CARGADA', 'MOLIDO', '68'),
	('EM1-19', '1', '2023-04-19 14:39:32', NULL, '2', '2023-04-19 07:00:00', '2023-04-19 15:00:00', '8.0', '0', '8.0', '0', '8.0', NULL, NULL, NULL, NULL, NULL, 'CARGADA', 'MOLIDO', '62'),
	('EM1-2', '1', '2023-03-10 14:52:56', NULL, '2', '2023-03-10 07:00:00', '2023-03-10 15:00:00', '8.0', '0', '8.0', '0', '8.0', NULL, NULL, NULL, NULL, NULL, 'CARGADA', 'MOLIDO', '120'),
	('EM1-20', '1', '2023-04-26 15:51:31', NULL, '2', '2023-04-26 07:00:00', '2023-04-26 16:00:00', '9.0', '0', '9.0', '0', '9.0', NULL, NULL, NULL, NULL, NULL, 'CARGADA', 'CONCRETPOL', '211'),
	('EM1-21', '1', '2023-05-08 15:08:34', NULL, '2', '2023-05-08 07:00:00', '2023-05-08 15:00:00', '8.0', '0', '8.0', '0', '8.0', NULL, NULL, NULL, NULL, NULL, 'CARGADA', 'MOLIDO', '105'),
	('EM1-22', '1', '2023-05-09 15:05:59', NULL, '2', '2023-05-09 07:00:00', '2023-05-09 15:00:00', '8.0', '0', '8.0', '0', '8.0', NULL, NULL, NULL, NULL, NULL, 'CARGADA', 'PERLITA', '237'),
	('EM1-23', '1', '2023-05-10 14:53:52', NULL, '12', '2023-05-10 14:30:00', '2023-05-10 15:00:00', '0.5', '0', '0.5', '0', '0.5', NULL, NULL, NULL, NULL, NULL, 'CARGADA', 'PERLITA', '10'),
	('EM1-24', '1', '2023-05-11 16:00:41', NULL, '2', '2023-05-11 09:10:00', '2023-05-11 12:00:00', '2.83333', '0', '2.83333', '0', '2.83333', NULL, NULL, NULL, NULL, NULL, 'CARGADA', 'PERLITA', '148'),
	('EM1-25', '1', '2023-05-17 15:53:35', NULL, '2', '2023-05-17 07:00:00', '2023-05-17 16:00:00', '9.0', '0', '9.0', '0', '9.0', NULL, NULL, NULL, NULL, NULL, 'CARGADA', 'PERLITA', '152'),
	('EM1-26', '1', '2023-05-18 15:58:07', NULL, '2', '2023-05-18 08:00:00', '2023-05-18 16:00:00', '8.0', '0', '8.0', '0', '8.0', NULL, NULL, NULL, NULL, NULL, 'CARGADA', 'PERLITA', '168'),
	('EM1-27', '1', '2023-05-19 15:56:31', NULL, '2', '2023-05-19 07:00:00', '2023-05-19 16:00:00', '9.0', '0', '9.0', '0', '9.0', NULL, NULL, NULL, NULL, NULL, 'CARGADA', 'MOLIDO', '15'),
	('EM1-3', '1', '2023-03-13 15:02:49', NULL, '2', '2023-03-13 07:00:00', '2023-03-13 11:15:00', '4.25', '0', '4.25', '0', '4.25', NULL, NULL, NULL, NULL, NULL, 'CARGADA', 'MOLIDO', '105'),
	('EM1-4', '1', '2023-03-14 14:53:39', NULL, '2', '2023-03-14 07:00:00', '2023-03-14 15:00:00', '8.0', '0', '8.0', '0', '8.0', NULL, NULL, NULL, NULL, NULL, 'CARGADA', 'MOLIDO', '96'),
	('EM1-5', '1', '2023-03-15 14:52:27', NULL, '2', '2023-03-15 07:00:00', '2023-03-15 15:00:00', '8.0', '0', '8.0', '0', '8.0', NULL, NULL, NULL, NULL, NULL, 'CARGADA', 'MOLIDO', '119'),
	('EM1-6', '1', '2023-03-16 14:53:58', NULL, '2', '2023-03-16 07:00:00', '2023-03-16 15:00:00', '8.0', '0', '8.0', '0', '8.0', NULL, NULL, NULL, NULL, NULL, 'CARGADA', 'MOLIDO', '110'),
	('EM1-7', '1', '2023-03-17 14:56:14', NULL, '2', '2023-03-17 07:00:00', '2023-03-17 12:00:00', '5.0', '0', '5.0', '0', '5.0', NULL, NULL, NULL, NULL, NULL, 'CARGADA', 'MOLIDO', '62'),
	('EM1-8', '1', '2023-03-18 11:46:16', NULL, '11', '2023-03-18 08:00:00', '2023-03-18 12:00:00', '4.0', '0', '4.0', '0', '4.0', NULL, NULL, NULL, NULL, NULL, 'CARGADA', 'MOLIDO', '15'),
	('EM1-9', '1', '2023-03-20 14:55:26', NULL, '2', '2023-03-20 07:00:00', '2023-03-20 15:00:00', '8.0', '0', '8.0', '0', '8.0', NULL, NULL, NULL, NULL, NULL, 'CARGADA', 'MOLIDO', '140'),
	('EM3-1', '3', '2023-05-13 08:06:21', NULL, '7', '2023-05-12 13:00:00', '2023-05-12 14:55:00', '1.91667', '0', '1.91667', '0', '1.91667', NULL, NULL, NULL, NULL, NULL, 'CARGADA', 'MOLIDO', '37');

-- Volcando datos para la tabla mtdb.pprod_inyeccion: ~144 rows
DELETE FROM `pprod_inyeccion`;
INSERT INTO `pprod_inyeccion` (`id_pprod`, `id_terminal`, `fh_creacion`, `fh_modificacion`, `id_usuario`, `fh_inicio`, `fh_fin`, `total_hs`, `hs_parada_prog`, `hs_disponibles`, `hs_parada_no_prog`, `hs_operativas`, `disponibilidad`, `rendimiento`, `calidad`, `oee`, `comentarios`, `estado`, `maquina`, `ciclos_inicio`, `ciclos_fin`, `total_ciclos`, `molde`, `produccion`) VALUES
	('IN1-1', '1', '2023-03-06 07:16:37', NULL, '13', '2023-03-04 07:00:00', '2023-03-04 12:00:00', '5.0', '0.0', '5.0', '0.0', '5.0', NULL, NULL, NULL, NULL, NULL, 'CARGADA', 'INYECTORA 3', '274784', '275003', '219', '1 KG (X 10)', '1880'),
	('IN1-10', '1', '2023-03-11 08:16:35', '2023-03-11 08:16:55', '13', '2023-03-11 07:00:00', '2023-03-11 11:00:00', '4.0', '0.0', '4.0', '0.0', '4.0', NULL, NULL, NULL, NULL, NULL, 'ANULADA', 'INYECTORA 2', '1', '2', '1', '1/4 KG (x 15)', '2'),
	('IN1-100', '1', '2023-04-20 14:54:10', NULL, '12', '2023-04-20 07:00:00', '2023-04-20 15:00:00', '8.0', '0.0', '8.0', '0.566667', '7.43333', NULL, NULL, NULL, NULL, NULL, 'CARGADA', 'INYECTORA 1', '429446', '429899', '453', '1/2 KG (x 10)', '4500'),
	('IN1-101', '1', '2023-04-20 14:55:31', NULL, '11', '2023-04-20 07:00:00', '2023-04-20 15:00:00', '8.0', '0.0', '8.0', '0.0', '8.0', NULL, NULL, NULL, NULL, NULL, 'CARGADA', 'INYECTORA 3', '286330', '286742', '412', '1 KG (X 10)', '4100'),
	('IN1-102', '1', '2023-04-21 07:09:35', NULL, '13', '2023-04-21 07:00:00', '2023-04-21 15:00:00', '8.0', '0.0', '8.0', '0.0', '8.0', NULL, NULL, NULL, NULL, NULL, 'CARGADA', 'INYECTORA 2', '340062', '340202', '140', '1/4 KG (x 15)', '2100'),
	('IN1-103', '1', '2023-04-21 12:01:00', NULL, '11', '2023-04-21 07:00:00', '2023-04-21 12:00:00', '5.0', '0.0', '5.0', '0.5', '4.5', NULL, NULL, NULL, NULL, NULL, 'CARGADA', 'INYECTORA 3', '286742', '286998', '256', '1 KG (X 10)', '2500'),
	('IN1-104', '1', '2023-04-21 13:56:56', NULL, '12', '2023-04-21 07:00:00', '2023-04-21 14:00:00', '7.0', '7.0', '0.0', '0.0', '0.0', NULL, NULL, NULL, NULL, NULL, 'CARGADA', 'INYECTORA 1', '429899', '430331', '432', '1/2 KG (x 10)', '4200'),
	('IN1-105', '1', '2023-04-21 13:59:21', NULL, '2', '2023-04-21 07:00:00', '2023-04-21 14:00:00', '7.0', '7.0', '0.0', '0.0', '0.0', NULL, NULL, NULL, NULL, NULL, 'CARGADA', 'INYECTORA 2', '340268', '340476', '208', '1/4 KG (x 15)', '3100'),
	('IN1-106', '1', '2023-04-21 14:06:16', NULL, '13', '2023-04-21 12:30:00', '2023-04-21 14:00:00', '1.5', '1.5', '0.0', '0.0', '0.0', NULL, NULL, NULL, NULL, NULL, 'CARGADA', 'INYECTORA 3', '286998', '287058', '60', '1 KG (X 10)', '600'),
	('IN1-107', '1', '2023-04-21 14:08:20', NULL, '13', '2023-04-21 07:00:00', '2023-04-21 12:00:00', '5.0', '0.0', '5.0', '0.0', '5.0', NULL, NULL, NULL, NULL, NULL, 'CARGADA', 'INYECTORA 2', '340202', '340268', '66', '1/4 KG (x 15)', '1000'),
	('IN1-108', '1', '2023-04-24 14:57:55', NULL, '11', '2023-04-24 08:00:00', '2023-04-24 15:00:00', '7.0', '0.0', '7.0', '0.0', '7.0', NULL, NULL, NULL, NULL, NULL, 'CARGADA', 'INYECTORA 2', '340482', '340795', '313', '1/4 KG (x 15)', '4700'),
	('IN1-109', '1', '2023-04-24 15:01:10', NULL, '2', '2023-04-24 08:00:00', '2023-04-24 15:00:00', '7.0', '0.0', '7.0', '0.0', '7.0', NULL, NULL, NULL, NULL, NULL, 'CARGADA', 'INYECTORA 1', '430332', '430760', '428', '1/2 KG (x 10)', '4200'),
	('IN1-11', '1', '2023-03-11 10:56:02', NULL, '11', '2023-03-11 07:00:00', '2023-03-11 11:00:00', '4.0', '0.0', '4.0', '0.0', '4.0', NULL, NULL, NULL, NULL, NULL, 'CARGADA', 'INYECTORA 3', '276399', '276569', '170', '1 KG (X 10)', '1700'),
	('IN1-110', '1', '2023-04-25 15:56:48', NULL, '12', '2023-04-25 07:00:00', '2023-04-25 16:00:00', '9.0', '0.0', '9.0', '0.0', '9.0', NULL, NULL, NULL, NULL, NULL, 'CARGADA', 'INYECTORA 1', '430760', '431362', '602', '1/2 KG (x 10)', '6000'),
	('IN1-111', '1', '2023-04-25 15:58:00', NULL, '2', '2023-04-25 07:00:00', '2023-04-25 16:00:00', '9.0', '0.0', '9.0', '0.0', '9.0', NULL, NULL, NULL, NULL, NULL, 'CARGADA', 'INYECTORA 2', '340795', '341277', '482', '1/4 KG (x 15)', '7200'),
	('IN1-112', '1', '2023-04-26 15:56:58', NULL, '12', '2023-04-26 07:00:00', '2023-04-26 16:00:00', '9.0', '0.0', '9.0', '0.0', '9.0', NULL, NULL, NULL, NULL, NULL, 'CARGADA', 'INYECTORA 1', '431362', '431908', '546', '1/2 KG (x 10)', '5400'),
	('IN1-113', '1', '2023-04-26 15:58:29', NULL, '13', '2023-04-26 07:00:00', '2023-04-26 16:00:00', '9.0', '0.0', '9.0', '0.0', '9.0', NULL, NULL, NULL, NULL, NULL, 'CARGADA', 'INYECTORA 3', '287060', '287483', '423', '1 KG (X 10)', '4200'),
	('IN1-114', '1', '2023-04-27 09:22:14', NULL, '2', '2023-04-27 07:00:00', '2023-04-27 09:00:00', '2.0', '0.0', '2.0', '0.0', '2.0', NULL, NULL, NULL, NULL, NULL, 'CARGADA', 'INYECTORA 1', '287483', '287599', '116', '1 KG (X 10)', '1100'),
	('IN1-115', '1', '2023-04-27 16:00:07', NULL, '12', '2023-04-27 07:00:00', '2023-04-27 16:00:00', '9.0', '0.0', '9.0', '0.0', '9.0', NULL, NULL, NULL, NULL, NULL, 'CARGADA', 'INYECTORA 1', '431908', '432470', '562', '1/2 KG (x 10)', '5500'),
	('IN1-116', '1', '2023-04-27 16:01:44', NULL, '13', '2023-04-27 07:00:00', '2023-04-27 09:30:00', '2.5', '0.0', '2.5', '0.0', '2.5', NULL, NULL, NULL, NULL, NULL, 'CARGADA', 'INYECTORA 2', '341277', '341392', '115', '1/4 KG (x 15)', '1700'),
	('IN1-117', '1', '2023-04-27 16:03:04', NULL, '13', '2023-04-27 09:31:00', '2023-04-27 16:00:00', '6.48333', '0.0', '6.48333', '0.0', '6.48333', NULL, NULL, NULL, NULL, NULL, 'CARGADA', 'INYECTORA 3', '287599', '287927', '328', '1 KG (X 10)', '3100'),
	('IN1-118', '1', '2023-04-28 15:43:37', NULL, '12', '2023-04-28 07:00:00', '2023-04-28 16:00:00', '9.0', '0.0', '9.0', '0.0', '9.0', NULL, NULL, NULL, NULL, NULL, 'CARGADA', 'INYECTORA 1', '432470', '432814', '344', '1/2 KG (x 10)', '3300'),
	('IN1-119', '1', '2023-04-28 15:45:05', NULL, '13', '2023-04-28 07:00:00', '2023-04-28 16:00:00', '9.0', '0.0', '9.0', '0.0', '9.0', NULL, NULL, NULL, NULL, NULL, 'CARGADA', 'INYECTORA 3', '287927', '288207', '280', '1 KG (X 10)', '2700'),
	('IN1-12', '1', '2023-03-11 10:58:08', NULL, '13', '2023-03-11 07:00:00', '2023-03-11 11:00:00', '4.0', '0.0', '4.0', '0.0', '4.0', NULL, NULL, NULL, NULL, NULL, 'CARGADA', 'INYECTORA 2', '330724', '330891', '167', '1/4 KG (x 15)', '2500'),
	('IN1-120', '1', '2023-05-02 15:57:12', NULL, '12', '2023-05-02 07:00:00', '2023-05-02 16:00:00', '9.0', '0.0', '9.0', '0.0', '9.0', NULL, NULL, NULL, NULL, NULL, 'CARGADA', 'INYECTORA 1', '432814', '433306', '492', '1/2 KG (x 10)', '4900'),
	('IN1-121', '1', '2023-05-02 15:59:07', NULL, '13', '2023-05-02 07:00:00', '2023-05-02 16:00:00', '9.0', '0.0', '9.0', '0.0', '9.0', NULL, NULL, NULL, NULL, NULL, 'CARGADA', 'INYECTORA 1', '341392', '341704', '312', '1/4 KG (x 15)', '4600'),
	('IN1-122', '1', '2023-05-02 16:00:42', NULL, '2', '2023-05-02 08:00:00', '2023-05-02 16:00:00', '8.0', '0.0', '8.0', '0.0', '8.0', NULL, NULL, NULL, NULL, NULL, 'CARGADA', 'INYECTORA 3', '288207', '288646', '439', '1 KG (X 10)', '4400'),
	('IN1-123', '1', '2023-05-03 14:54:18', NULL, '12', '2023-05-03 07:00:00', '2023-05-03 15:00:00', '8.0', '0.0', '8.0', '0.966667', '7.03333', NULL, NULL, NULL, NULL, NULL, 'CARGADA', 'INYECTORA 1', '433306', '433742', '436', '1/2 KG (x 10)', '4300'),
	('IN1-124', '1', '2023-05-03 14:56:29', NULL, '13', '2023-05-03 07:00:00', '2023-05-03 15:00:00', '8.0', '0.0', '8.0', '0.966667', '7.03333', NULL, NULL, NULL, NULL, NULL, 'CARGADA', 'INYECTORA 2', '341704', '342063', '359', '1/4 KG (x 15)', '5300'),
	('IN1-125', '1', '2023-05-03 14:59:17', NULL, '2', '2023-05-03 07:00:00', '2023-05-03 15:00:00', '8.0', '0.0', '8.0', '0.966667', '7.03333', NULL, NULL, NULL, NULL, NULL, 'CARGADA', 'INYECTORA 3', '288643', '288999', '356', '1 KG (X 10)', '3500'),
	('IN1-126', '1', '2023-05-04 14:51:29', NULL, '12', '2023-05-04 07:00:00', '2023-05-04 15:00:00', '8.0', '0.0', '8.0', '0.0', '8.0', NULL, NULL, NULL, NULL, NULL, 'CARGADA', 'INYECTORA 1', '433742', '434207', '465', '1/2 KG (x 10)', '4600'),
	('IN1-127', '1', '2023-05-04 14:52:26', NULL, '13', '2023-05-04 07:00:00', '2023-05-04 15:00:00', '8.0', '0.0', '8.0', '0.0', '8.0', NULL, NULL, NULL, NULL, NULL, 'CARGADA', 'INYECTORA 2', '342066', '342484', '418', '1/4 KG (x 15)', '6300'),
	('IN1-128', '1', '2023-05-04 14:53:54', NULL, '2', '2023-05-04 12:40:00', '2023-05-04 15:00:00', '2.33333', '0.0', '2.33333', '0.0', '2.33333', NULL, NULL, NULL, NULL, NULL, 'CARGADA', 'INYECTORA 3', '288999', '289121', '122', '1 KG (X 10)', '1200'),
	('IN1-129', '1', '2023-05-05 14:56:21', NULL, '2', '2023-05-05 07:40:00', '2023-05-05 15:00:00', '7.33333', '0.0', '7.33333', '0.0', '7.33333', NULL, NULL, NULL, NULL, NULL, 'CARGADA', 'INYECTORA 3', '289121', '289492', '371', '1 KG (X 10)', '3700'),
	('IN1-13', '1', '2023-03-13 15:00:24', NULL, '11', '2023-03-13 08:00:00', '2023-03-13 15:00:00', '7.0', '0.0', '7.0', '0.0', '7.0', NULL, NULL, NULL, NULL, NULL, 'CARGADA', 'INYECTORA 3', '276569', '276912', '343', '1 KG (X 10)', '3400'),
	('IN1-130', '1', '2023-05-05 14:59:46', NULL, '12', '2023-05-05 07:00:00', '2023-05-05 15:00:00', '8.0', '0.0', '8.0', '0.666667', '7.33333', NULL, NULL, NULL, NULL, NULL, 'CARGADA', 'INYECTORA 1', '434207', '434638', '431', '1/2 KG (x 10)', '4300'),
	('IN1-131', '1', '2023-05-05 14:59:50', '2023-05-05 15:00:09', '12', '2023-05-05 07:00:00', '2023-05-05 15:00:00', '8.0', '0.0', '8.0', '0.0', '8.0', NULL, NULL, NULL, NULL, NULL, 'ANULADA', 'INYECTORA 1', '434207', '434638', '431', '1/2 KG (x 10)', '4300'),
	('IN1-132', '1', '2023-05-05 15:02:17', NULL, '13', '2023-05-05 07:00:00', '2023-05-05 15:00:00', '8.0', '0.0', '8.0', '0.666667', '7.33333', NULL, NULL, NULL, NULL, NULL, 'CARGADA', 'INYECTORA 2', '342484', '342851', '367', '1/4 KG (x 15)', '5500'),
	('IN1-133', '1', '2023-05-10 09:51:51', NULL, '2', '2023-05-10 07:00:00', '2023-05-10 10:00:00', '3.0', '0.0', '3.0', '0.0', '3.0', NULL, NULL, NULL, NULL, NULL, 'CARGADA', 'INYECTORA 3', '289495', '289605', '110', '1 KG (X 10)', '1100'),
	('IN1-134', '1', '2023-05-10 14:53:17', NULL, '12', '2023-05-10 07:00:00', '2023-05-10 14:15:00', '7.25', '0.0', '7.25', '0.0', '7.25', NULL, NULL, NULL, NULL, NULL, 'CARGADA', 'INYECTORA 1', '434638', '435070', '432', '1/2 KG (x 10)', '4300'),
	('IN1-135', '1', '2023-05-11 09:06:20', NULL, '2', '2023-05-11 07:00:00', '2023-05-11 09:05:00', '2.08333', '0.0', '2.08333', '0.0', '2.08333', NULL, NULL, NULL, NULL, NULL, 'CARGADA', 'INYECTORA 1', '342851', '342951', '100', '1/4 KG (x 15)', '1500'),
	('IN1-136', '1', '2023-05-11 15:57:48', NULL, '12', '2023-05-11 07:00:00', '2023-05-11 16:00:00', '9.0', '0.0', '9.0', '0.0', '9.0', NULL, NULL, NULL, NULL, NULL, 'CARGADA', 'INYECTORA 1', '435070', '435584', '514', '1/2 KG (x 10)', '5100'),
	('IN1-137', '1', '2023-05-11 15:59:04', NULL, '2', '2023-05-11 12:40:00', '2023-05-11 16:00:00', '3.33333', '0.0', '3.33333', '0.0', '3.33333', NULL, NULL, NULL, NULL, NULL, 'CARGADA', 'INYECTORA 2', '342951', '343145', '194', '1/4 KG (x 15)', '2900'),
	('IN1-138', '1', '2023-05-12 14:55:06', NULL, '12', '2023-05-12 07:00:00', '2023-05-12 16:00:00', '9.0', '1.0', '8.0', '0.0', '8.0', NULL, NULL, NULL, NULL, NULL, 'CARGADA', 'INYECTORA 1', '435584', '436046', '462', '1/2 KG (x 10)', '4600'),
	('IN1-139', '1', '2023-05-12 14:56:41', NULL, '13', '2023-05-11 07:00:00', '2023-05-11 12:00:00', '5.0', '0.0', '5.0', '0.0', '5.0', NULL, NULL, NULL, NULL, NULL, 'CARGADA', 'INYECTORA 3', '289826', '290061', '235', '1 KG (X 10)', '2300'),
	('IN1-14', '1', '2023-03-13 15:01:42', NULL, '2', '2023-03-13 07:00:00', '2023-03-13 15:00:00', '8.0', '0.0', '8.0', '0.0', '8.0', NULL, NULL, NULL, NULL, NULL, 'CARGADA', 'INYECTORA 2', '330891', '331055', '164', '1/4 KG (x 15)', '2400'),
	('IN1-140', '1', '2023-05-12 14:58:17', NULL, '13', '2023-05-12 07:00:00', '2023-05-12 16:00:00', '9.0', '0.0', '9.0', '0.0', '9.0', NULL, NULL, NULL, NULL, NULL, 'CARGADA', 'INYECTORA 3', '290031', '290493', '462', '1 KG (X 10)', '4300'),
	('IN1-141', '1', '2023-05-12 15:00:41', NULL, '2', '2023-05-12 07:00:00', '2023-05-12 16:00:00', '9.0', '1.0', '8.0', '0.0', '8.0', NULL, NULL, NULL, NULL, NULL, 'CARGADA', 'INYECTORA 2', '343145', '343559', '414', '1/4 KG (x 15)', '6200'),
	('IN1-142', '1', '2023-05-15 16:02:03', NULL, '12', '2023-05-15 08:00:00', '2023-05-15 16:00:00', '8.0', '0.0', '8.0', '0.0', '8.0', NULL, NULL, NULL, NULL, NULL, 'CARGADA', 'INYECTORA 1', '436046', '436537', '491', '1/2 KG (x 10)', '4900'),
	('IN1-143', '1', '2023-05-15 16:03:04', NULL, '2', '2023-05-15 08:00:00', '2023-05-15 16:00:00', '8.0', '0.0', '8.0', '0.0', '8.0', NULL, NULL, NULL, NULL, NULL, 'CARGADA', 'INYECTORA 3', '290493', '290953', '460', '1 KG (X 10)', '4600'),
	('IN1-144', '1', '2023-05-15 16:04:16', NULL, '13', '2023-05-15 08:00:00', '2023-05-15 16:00:00', '8.0', '0.0', '8.0', '0.0', '8.0', NULL, NULL, NULL, NULL, NULL, 'CARGADA', 'INYECTORA 2', '343559', '343961', '402', '1/4 KG (x 15)', '5900'),
	('IN1-145', '1', '2023-05-16 15:46:27', NULL, '12', '2023-05-16 07:00:00', '2023-05-16 16:00:00', '9.0', '0.0', '9.0', '0.0', '9.0', NULL, NULL, NULL, NULL, NULL, 'CARGADA', 'INYECTORA 1', '436537', '436900', '363', '1/2 KG (x 10)', '3600'),
	('IN1-146', '1', '2023-05-16 15:49:45', NULL, '2', '2023-05-16 07:00:00', '2023-05-16 16:00:00', '9.0', '0.0', '9.0', '1.0', '8.0', NULL, NULL, NULL, NULL, NULL, 'CARGADA', 'INYECTORA 3', '290953', '291223', '270', '1 KG (X 10)', '2700'),
	('IN1-147', '1', '2023-05-16 15:53:09', NULL, '13', '2023-05-16 07:00:00', '2023-05-16 16:00:00', '9.0', '0.0', '9.0', '0.0', '9.0', NULL, NULL, NULL, NULL, NULL, 'CARGADA', 'INYECTORA 2', '343961', '344262', '301', '1/4 KG (x 15)', '4400'),
	('IN1-15', '1', '2023-03-14 14:59:19', NULL, '13', '2023-03-14 07:00:00', '2023-03-14 15:00:00', '8.0', '0.0', '8.0', '0.0', '8.0', NULL, NULL, NULL, NULL, NULL, 'CARGADA', 'INYECTORA 2', '331055', '331429', '374', '1/4 KG (x 15)', '5500'),
	('IN1-16', '1', '2023-03-14 15:00:47', NULL, '11', '2023-03-14 07:00:00', '2023-03-14 15:00:00', '8.0', '0.0', '8.0', '0.0', '8.0', NULL, NULL, NULL, NULL, NULL, 'CARGADA', 'INYECTORA 3', '276912', '277314', '402', '1 KG (X 10)', '4000'),
	('IN1-17', '1', '2023-03-14 15:02:44', NULL, '12', '2023-03-14 07:00:00', '2023-03-14 15:00:00', '8.0', '0.0', '8.0', '0.0', '8.0', NULL, NULL, NULL, NULL, NULL, 'CARGADA', 'INYECTORA 1', '417541', '417996', '455', '1/2 KG (x 10)', '4500'),
	('IN1-18', '1', '2023-03-15 14:59:30', NULL, '11', '2023-03-15 07:00:00', '2023-03-15 15:00:00', '8.0', '0.0', '8.0', '0.0', '8.0', NULL, NULL, NULL, NULL, NULL, 'CARGADA', 'INYECTORA 3', '277314', '277697', '383', '1 KG (X 10)', '3800'),
	('IN1-19', '1', '2023-03-15 15:01:55', NULL, '13', '2023-03-15 07:00:00', '2023-03-15 15:00:00', '8.0', '0.0', '8.0', '0.0', '8.0', NULL, NULL, NULL, NULL, NULL, 'CARGADA', 'INYECTORA 2', '331429', '331731', '302', '1/4 KG (x 15)', '4600'),
	('IN1-2', '1', '2023-03-07 16:08:06', NULL, '11', '2023-03-07 08:00:00', '2023-03-07 16:00:00', '8.0', '0.0', '8.0', '1.0', '7.0', NULL, NULL, NULL, NULL, NULL, 'CARGADA', 'INYECTORA 3', '275003', '275324', '321', '1 KG (X 10)', '3200'),
	('IN1-20', '1', '2023-03-16 15:00:18', NULL, '12', '2023-03-16 07:00:00', '2023-03-16 15:00:00', '8.0', '0.0', '8.0', '0.0', '8.0', NULL, NULL, NULL, NULL, NULL, 'CARGADA', 'INYECTORA 1', '418489', '418941', '452', '1/2 KG (x 10)', '4500'),
	('IN1-21', '1', '2023-03-16 15:02:47', NULL, '11', '2023-03-16 07:00:00', '2023-03-16 15:00:00', '8.0', '0.0', '8.0', '0.0', '8.0', NULL, NULL, NULL, NULL, NULL, 'CARGADA', 'INYECTORA 3', '277697', '278077', '380', '1 KG (X 10)', '3800'),
	('IN1-22', '1', '2023-03-16 15:03:58', NULL, '13', '2023-03-16 07:00:00', '2023-03-16 15:00:00', '8.0', '0.0', '8.0', '0.0', '8.0', NULL, NULL, NULL, NULL, NULL, 'CARGADA', 'INYECTORA 2', '331731', '332075', '344', '1/4 KG (x 15)', '5200'),
	('IN1-23', '1', '2023-03-17 11:58:24', NULL, '11', '2023-03-17 07:00:00', '2023-03-17 12:00:00', '5.0', '0.0', '5.0', '0.0', '5.0', NULL, NULL, NULL, NULL, NULL, 'CARGADA', 'INYECTORA 3', '278077', '278338', '261', '1 KG (X 10)', '2600'),
	('IN1-24', '1', '2023-03-17 14:53:06', NULL, '12', '2023-03-17 07:00:00', '2023-03-17 15:00:00', '8.0', '0.0', '8.0', '0.0', '8.0', NULL, NULL, NULL, NULL, NULL, 'CARGADA', 'INYECTORA 1', '418941', '419393', '452', '1/2 KG (x 10)', '4500'),
	('IN1-25', '1', '2023-03-17 14:54:59', NULL, '2', '2023-03-17 07:00:00', '2023-03-17 15:00:00', '8.0', '0.0', '8.0', '0.0', '8.0', NULL, NULL, NULL, NULL, NULL, 'CARGADA', 'INYECTORA 3', '278338', '278454', '116', '1 KG (X 10)', '1100'),
	('IN1-26', '1', '2023-03-17 14:57:16', NULL, '13', '2023-03-17 07:00:00', '2023-03-17 15:00:00', '8.0', '0.0', '8.0', '0.0', '8.0', NULL, NULL, NULL, NULL, NULL, 'CARGADA', 'INYECTORA 2', '332075', '332442', '367', '1/4 KG (x 15)', '5500'),
	('IN1-27', '1', '2023-03-18 10:21:00', NULL, '12', '2023-03-07 07:00:00', '2023-03-07 15:00:00', '8.0', '0.0', '8.0', '0.0', '8.0', NULL, NULL, NULL, NULL, NULL, 'CARGADA', 'INYECTORA 1', '414886', '415318', '432', '1/2 KG (x 10)', '4300'),
	('IN1-28', '1', '2023-03-18 10:26:01', NULL, '12', '2023-03-08 07:00:00', '2023-03-08 15:00:00', '8.0', '0.0', '8.0', '0.0', '8.0', NULL, NULL, NULL, NULL, NULL, 'CARGADA', 'INYECTORA 1', '415318', '415812', '494', '1/2 KG (x 10)', '4900'),
	('IN1-29', '1', '2023-03-18 10:28:53', NULL, '12', '2023-03-11 07:00:00', '2023-03-11 15:00:00', '8.0', '0.0', '8.0', '0.0', '8.0', NULL, NULL, NULL, NULL, NULL, 'CARGADA', 'INYECTORA 1', '416826', '417080', '254', '1/2 KG (x 10)', '2600'),
	('IN1-3', '1', '2023-03-07 16:10:55', NULL, '13', '2023-03-07 08:00:00', '2023-03-07 16:00:00', '8.0', '0.0', '8.0', '1.0', '7.0', NULL, NULL, NULL, NULL, NULL, 'CARGADA', 'INYECTORA 2', '329343', '329632', '289', '1/4 KG (x 15)', '4300'),
	('IN1-30', '1', '2023-03-18 10:30:10', NULL, '12', '2023-03-13 08:00:00', '2023-03-13 15:00:00', '7.0', '0.0', '7.0', '0.0', '7.0', NULL, NULL, NULL, NULL, NULL, 'CARGADA', 'INYECTORA 1', '417080', '417541', '461', '1/2 KG (x 10)', '4600'),
	('IN1-31', '1', '2023-03-18 10:31:15', NULL, '12', '2023-03-15 07:00:00', '2023-03-15 15:00:00', '8.0', '0.0', '8.0', '0.0', '8.0', NULL, NULL, NULL, NULL, NULL, 'CARGADA', 'INYECTORA 1', '417996', '418489', '493', '1/2 KG (x 10)', '4900'),
	('IN1-32', '1', '2023-03-18 10:33:26', NULL, '12', '2023-03-09 07:00:00', '2023-03-09 15:00:00', '8.0', '0.0', '8.0', '0.0', '8.0', NULL, NULL, NULL, NULL, NULL, 'CARGADA', 'INYECTORA 1', '415812', '416319', '507', '1/2 KG (x 10)', '5100'),
	('IN1-33', '1', '2023-03-18 10:36:08', NULL, '12', '2023-03-10 07:00:00', '2023-03-10 15:00:00', '8.0', '0.0', '8.0', '0.0', '8.0', NULL, NULL, NULL, NULL, NULL, 'CARGADA', 'INYECTORA 1', '416319', '416826', '507', '1/2 KG (x 10)', '5000'),
	('IN1-34', '1', '2023-03-20 14:57:15', NULL, '12', '2023-03-20 08:00:00', '2023-03-20 15:00:00', '7.0', '0.0', '7.0', '0.0', '7.0', NULL, NULL, NULL, NULL, NULL, 'CARGADA', 'INYECTORA 3', '278454', '278798', '344', '1 KG (X 10)', '3400'),
	('IN1-35', '1', '2023-03-20 14:58:28', NULL, '11', '2023-03-20 08:00:00', '2023-03-20 15:00:00', '7.0', '0.0', '7.0', '0.0', '7.0', NULL, NULL, NULL, NULL, NULL, 'CARGADA', 'INYECTORA 1', '332442', '332769', '327', '1/4 KG (x 15)', '4900'),
	('IN1-36', '1', '2023-03-20 15:00:03', NULL, '13', '2023-03-20 08:00:00', '2023-03-20 15:00:00', '7.0', '0.0', '7.0', '0.0', '7.0', NULL, NULL, NULL, NULL, NULL, 'CARGADA', 'INYECTORA 1', '419393', '419797', '404', '1/2 KG (x 10)', '4000'),
	('IN1-37', '1', '2023-03-21 14:58:18', NULL, '12', '2023-03-21 07:00:00', '2023-03-21 15:00:00', '8.0', '0.0', '8.0', '0.0', '8.0', NULL, NULL, NULL, NULL, NULL, 'CARGADA', 'INYECTORA 3', '278798', '279191', '393', '1 KG (X 10)', '3900'),
	('IN1-38', '1', '2023-03-21 14:59:53', NULL, '11', '2023-03-21 07:00:00', '2023-03-21 15:00:00', '8.0', '0.0', '8.0', '0.0', '8.0', NULL, NULL, NULL, NULL, NULL, 'CARGADA', 'INYECTORA 2', '332769', '333110', '341', '1/4 KG (x 15)', '5100'),
	('IN1-39', '1', '2023-03-21 15:01:34', NULL, '13', '2023-03-21 07:00:00', '2023-03-21 15:00:00', '8.0', '0.0', '8.0', '0.0', '8.0', NULL, NULL, NULL, NULL, NULL, 'CARGADA', 'INYECTORA 1', '419797', '420270', '473', '1 KG (X 10)', '4500'),
	('IN1-4', '1', '2023-03-08 14:59:05', NULL, '11', '2023-03-08 07:00:00', '2023-03-08 15:00:00', '8.0', '0.0', '8.0', '0.25', '7.75', NULL, NULL, NULL, NULL, NULL, 'CARGADA', 'INYECTORA 3', '275324', '275677', '353', '1 KG (X 10)', '3500'),
	('IN1-40', '1', '2023-03-22 15:00:11', NULL, '12', '2023-03-22 07:00:00', '2023-03-22 15:00:00', '8.0', '0.0', '8.0', '0.0', '8.0', NULL, NULL, NULL, NULL, NULL, 'CARGADA', 'INYECTORA 3', '279191', '279581', '390', '1 KG (X 10)', '3900'),
	('IN1-41', '1', '2023-03-22 15:01:55', NULL, '11', '2023-03-22 07:00:00', '2023-03-22 15:00:00', '8.0', '0.0', '8.0', '0.0', '8.0', NULL, NULL, NULL, NULL, NULL, 'CARGADA', 'INYECTORA 2', '333110', '333444', '334', '1/4 KG (x 15)', '5000'),
	('IN1-42', '1', '2023-03-22 15:03:28', NULL, '13', '2023-03-22 07:00:00', '2023-03-22 15:00:00', '8.0', '0.0', '8.0', '0.0', '8.0', NULL, NULL, NULL, NULL, NULL, 'CARGADA', 'INYECTORA 1', '420270', '420749', '479', '1/2 KG (x 10)', '4800'),
	('IN1-43', '1', '2023-03-23 08:37:40', NULL, '2', '2023-03-23 07:00:00', '2023-03-23 08:30:00', '1.5', '0.0', '1.5', '0.0', '1.5', NULL, NULL, NULL, NULL, NULL, 'CARGADA', 'INYECTORA 1', '333444', '333520', '76', '1/4 KG (x 15)', '1100'),
	('IN1-44', '1', '2023-03-23 14:55:27', NULL, '12', '2023-03-23 07:00:00', '2023-03-23 15:00:00', '8.0', '0.0', '8.0', '0.0', '8.0', NULL, NULL, NULL, NULL, NULL, 'CARGADA', 'INYECTORA 1', '420749', '421260', '511', '1/2 KG (x 10)', '5100'),
	('IN1-45', '1', '2023-03-23 14:56:20', NULL, '13', '2023-03-23 07:00:00', '2023-03-23 15:00:00', '8.0', '0.0', '8.0', '0.0', '8.0', NULL, NULL, NULL, NULL, NULL, 'CARGADA', 'INYECTORA 2', '333520', '333820', '300', '1/4 KG (x 15)', '4500'),
	('IN1-46', '1', '2023-03-24 13:55:41', NULL, '12', '2023-03-24 07:00:00', '2023-03-24 14:00:00', '7.0', '0.0', '7.0', '0.0', '7.0', NULL, NULL, NULL, NULL, NULL, 'CARGADA', 'INYECTORA 1', '421260', '421701', '441', '1/2 KG (x 10)', '4400'),
	('IN1-47', '1', '2023-03-24 13:57:19', NULL, '11', '2023-03-24 07:00:00', '2023-03-24 14:00:00', '7.0', '0.0', '7.0', '0.0', '7.0', NULL, NULL, NULL, NULL, NULL, 'CARGADA', 'INYECTORA 3', '279973', '280305', '332', '1 KG (X 10)', '3300'),
	('IN1-48', '1', '2023-03-24 13:58:39', NULL, '13', '2023-03-24 07:00:00', '2023-03-24 15:00:00', '8.0', '0.0', '8.0', '0.0', '8.0', NULL, NULL, NULL, NULL, NULL, 'CARGADA', 'INYECTORA 2', '333820', '334154', '334', '1/4 KG (x 15)', '5000'),
	('IN1-49', '1', '2023-03-27 14:58:41', NULL, '12', '2023-03-27 08:00:00', '2023-03-27 15:00:00', '7.0', '0.0', '7.0', '0.0', '7.0', NULL, NULL, NULL, NULL, NULL, 'CARGADA', 'INYECTORA 2', '334154', '334507', '353', '1/4 KG (x 15)', '5400'),
	('IN1-5', '1', '2023-03-08 15:00:36', NULL, '13', '2023-03-08 07:00:00', '2023-03-08 15:00:00', '8.0', '0.0', '8.0', '0.0833333', '7.91667', NULL, NULL, NULL, NULL, NULL, 'CARGADA', 'INYECTORA 2', '329632', '329976', '344', '1/4 KG (x 15)', '5100'),
	('IN1-50', '1', '2023-03-27 15:00:24', NULL, '11', '2023-03-27 08:00:00', '2023-03-27 15:00:00', '7.0', '0.0', '7.0', '0.0', '7.0', NULL, NULL, NULL, NULL, NULL, 'CARGADA', 'INYECTORA 1', '421701', '422101', '400', '1/2 KG (x 10)', '4100'),
	('IN1-51', '1', '2023-03-27 15:01:33', NULL, '13', '2023-03-27 08:00:00', '2023-03-27 15:00:00', '7.0', '0.0', '7.0', '0.0', '7.0', NULL, NULL, NULL, NULL, NULL, 'CARGADA', 'INYECTORA 3', '280305', '280648', '343', '1 KG (X 10)', '3400'),
	('IN1-52', '1', '2023-03-28 15:00:02', NULL, '12', '2023-03-28 07:00:00', '2023-03-28 15:00:00', '8.0', '0.0', '8.0', '0.0', '8.0', NULL, NULL, NULL, NULL, NULL, 'CARGADA', 'INYECTORA 1', '422114', '422614', '500', '1/2 KG (x 10)', '5000'),
	('IN1-53', '1', '2023-03-28 15:01:25', NULL, '11', '2023-03-28 07:00:00', '2023-03-28 15:00:00', '8.0', '0.0', '8.0', '0.0', '8.0', NULL, NULL, NULL, NULL, NULL, 'CARGADA', 'INYECTORA 3', '280648', '281069', '421', '1 KG (X 10)', '4200'),
	('IN1-54', '1', '2023-03-28 15:02:36', NULL, '13', '2023-03-28 07:00:00', '2023-03-28 15:00:00', '8.0', '0.0', '8.0', '0.0', '8.0', NULL, NULL, NULL, NULL, NULL, 'CARGADA', 'INYECTORA 2', '334507', '334889', '382', '1/4 KG (x 15)', '5700'),
	('IN1-55', '1', '2023-03-29 14:58:26', NULL, '11', '2023-03-29 07:00:00', '2023-03-29 15:00:00', '8.0', '0.0', '8.0', '0.25', '7.75', NULL, NULL, NULL, NULL, NULL, 'CARGADA', 'INYECTORA 3', '281069', '281473', '404', '1 KG (X 10)', '4000'),
	('IN1-56', '1', '2023-03-29 15:02:29', NULL, '12', '2023-03-29 07:00:00', '2023-03-29 15:00:00', '8.0', '0.0', '8.0', '0.25', '7.75', NULL, NULL, NULL, NULL, NULL, 'CARGADA', 'INYECTORA 1', '422614', '423087', '473', '1/2 KG (x 10)', '4700'),
	('IN1-57', '1', '2023-03-29 15:04:24', NULL, '13', '2023-03-29 07:00:00', '2023-03-29 15:00:00', '8.0', '0.0', '8.0', '0.25', '7.75', NULL, NULL, NULL, NULL, NULL, 'CARGADA', 'INYECTORA 2', '334889', '335250', '361', '1/4 KG (x 15)', '5400'),
	('IN1-58', '1', '2023-03-30 14:54:28', NULL, '11', '2023-03-30 07:00:00', '2023-03-30 15:00:00', '8.0', '0.0', '8.0', '0.0', '8.0', NULL, NULL, NULL, NULL, NULL, 'CARGADA', 'INYECTORA 3', '281473', '281894', '421', '1 KG (X 10)', '4200'),
	('IN1-59', '1', '2023-03-30 14:56:22', NULL, '12', '2023-03-30 07:00:00', '2023-03-30 15:00:00', '8.0', '0.0', '8.0', '0.0', '8.0', NULL, NULL, NULL, NULL, NULL, 'CARGADA', 'INYECTORA 1', '423087', '423590', '503', '1/2 KG (x 10)', '5000'),
	('IN1-6', '1', '2023-03-09 15:02:15', NULL, '11', '2023-03-09 07:00:00', '2023-03-09 15:00:00', '8.0', '0.0', '8.0', '0.0', '8.0', NULL, NULL, NULL, NULL, NULL, 'CARGADA', 'INYECTORA 3', '275677', '276037', '360', '1 KG (X 10)', '3600'),
	('IN1-60', '1', '2023-03-30 14:57:34', NULL, '2', '2023-03-30 07:00:00', '2023-03-30 15:00:00', '8.0', '0.0', '8.0', '0.0', '8.0', NULL, NULL, NULL, NULL, NULL, 'CARGADA', 'INYECTORA 2', '335384', '335625', '241', '1/4 KG (x 15)', '3600'),
	('IN1-61', '1', '2023-03-31 14:59:08', NULL, '12', '2023-03-31 07:00:00', '2023-03-31 15:00:00', '8.0', '0.0', '8.0', '0.0', '8.0', NULL, NULL, NULL, NULL, NULL, 'CARGADA', 'INYECTORA 1', '423590', '424084', '494', '1/2 KG (x 10)', '4900'),
	('IN1-62', '1', '2023-03-31 15:00:18', NULL, '11', '2023-03-31 07:00:00', '2023-03-31 15:00:00', '8.0', '0.0', '8.0', '0.0', '8.0', NULL, NULL, NULL, NULL, NULL, 'CARGADA', 'INYECTORA 3', '281884', '282285', '401', '1 KG (X 10)', '3900'),
	('IN1-63', '1', '2023-03-31 15:03:22', NULL, '13', '2023-03-31 07:00:00', '2023-03-31 15:00:00', '8.0', '0.0', '8.0', '0.0', '8.0', NULL, NULL, NULL, NULL, NULL, 'CARGADA', 'INYECTORA 2', '335625', '336005', '380', '1/4 KG (x 15)', '5700'),
	('IN1-64', '1', '2023-04-03 15:00:08', NULL, '11', '2023-04-03 08:00:00', '2023-04-03 15:00:00', '7.0', '0.0', '7.0', '0.0', '7.0', NULL, NULL, NULL, NULL, NULL, 'CARGADA', 'INYECTORA 3', '282285', '282622', '337', '1 KG (X 10)', '3300'),
	('IN1-65', '1', '2023-04-03 15:02:44', NULL, '13', '2023-04-03 08:00:00', '2023-04-03 15:00:00', '7.0', '0.0', '7.0', '0.0', '7.0', NULL, NULL, NULL, NULL, NULL, 'CARGADA', 'INYECTORA 2', '336005', '336319', '314', '1/4 KG (x 15)', '4700'),
	('IN1-66', '1', '2023-04-04 09:29:58', NULL, '12', '2023-04-03 08:00:00', '2023-04-03 15:00:00', '7.0', '0.0', '7.0', '0.333333', '6.66667', NULL, NULL, NULL, NULL, NULL, 'CARGADA', 'INYECTORA 1', '424084', '424489', '405', '1/2 KG (x 10)', '4000'),
	('IN1-67', '1', '2023-04-04 12:40:22', NULL, '2', '2023-04-04 08:00:00', '2023-04-04 15:00:00', '7.0', '0.0', '7.0', '0.0', '7.0', NULL, NULL, NULL, NULL, NULL, 'CARGADA', 'INYECTORA 1', '282622', '282857', '235', '1 KG (X 10)', '2300'),
	('IN1-68', '1', '2023-04-04 14:54:58', NULL, '12', '2023-04-04 07:00:00', '2023-04-04 15:00:00', '8.0', '0.0', '8.0', '0.116667', '7.88333', NULL, NULL, NULL, NULL, NULL, 'CARGADA', 'INYECTORA 1', '424489', '424985', '496', '1/2 KG (x 10)', '4900'),
	('IN1-69', '1', '2023-04-04 14:57:06', NULL, '11', '2023-04-04 07:00:00', '2023-04-04 15:00:00', '8.0', '0.0', '8.0', '0.333333', '7.66667', NULL, NULL, NULL, NULL, NULL, 'CARGADA', 'INYECTORA 3', '282857', '282961', '104', '1 KG (X 10)', '1000'),
	('IN1-7', '1', '2023-03-09 15:04:26', NULL, '13', '2023-03-09 07:00:00', '2023-03-09 15:00:00', '8.0', '0.0', '8.0', '0.0', '8.0', NULL, NULL, NULL, NULL, NULL, 'CARGADA', 'INYECTORA 2', '329976', '330366', '390', '1/4 KG (x 15)', '5900'),
	('IN1-70', '1', '2023-04-04 14:58:58', NULL, '13', '2023-04-04 07:00:00', '2023-04-04 15:00:00', '8.0', '0.0', '8.0', '0.116667', '7.88333', NULL, NULL, NULL, NULL, NULL, 'CARGADA', 'INYECTORA 2', '336319', '336693', '374', '1/4 KG (x 15)', '5600'),
	('IN1-71', '1', '2023-04-05 14:56:50', NULL, '12', '2023-04-05 07:00:00', '2023-04-05 15:00:00', '8.0', '0.0', '8.0', '0.166667', '7.83333', NULL, NULL, NULL, NULL, NULL, 'CARGADA', 'INYECTORA 1', '424985', '425480', '495', '1/2 KG (x 10)', '4900'),
	('IN1-72', '1', '2023-04-05 14:59:02', NULL, '13', '2023-04-05 07:00:00', '2023-04-05 15:00:00', '8.0', '0.0', '8.0', '0.166667', '7.83333', NULL, NULL, NULL, NULL, NULL, 'CARGADA', 'INYECTORA 2', '336693', '337044', '351', '1/4 KG (x 15)', '5200'),
	('IN1-73', '1', '2023-04-06 07:40:38', NULL, '11', '2023-04-05 07:00:00', '2023-04-05 15:00:00', '8.0', '0.0', '8.0', '0.0', '8.0', NULL, NULL, NULL, NULL, NULL, 'CARGADA', 'INYECTORA 3', '282961', '283344', '383', '1 KG (X 10)', '3800'),
	('IN1-74', '1', '2023-04-06 14:35:41', '2023-04-08 09:13:06', '12', '2023-04-06 07:00:00', '2023-04-06 15:00:00', '8.0', '0.0', '8.0', '0.2', '7.8', NULL, NULL, NULL, NULL, NULL, 'EXPORTADA', 'INYECTORA 1', '425480', '425938', '458', '1/2 KG (x 10)', '4500'),
	('IN1-75', '1', '2023-04-06 14:37:37', '2023-04-08 09:13:06', '11', '2023-04-06 07:00:00', '2023-04-06 15:00:00', '8.0', '0.0', '8.0', '0.116667', '7.88333', NULL, NULL, NULL, NULL, NULL, 'EXPORTADA', 'INYECTORA 3', '283344', '283696', '352', '1 KG (X 10)', '3500'),
	('IN1-76', '1', '2023-04-06 14:40:50', '2023-04-08 09:13:06', '13', '2023-04-06 07:00:00', '2023-04-06 15:00:00', '8.0', '0.0', '8.0', '0.116667', '7.88333', NULL, NULL, NULL, NULL, NULL, 'EXPORTADA', 'INYECTORA 2', '337044', '337398', '354', '1/4 KG (x 15)', '5300'),
	('IN1-77', '1', '2023-04-10 14:53:51', '2023-04-11 08:22:28', '11', '2023-04-10 11:00:00', '2023-04-10 15:00:00', '4.0', '0.0', '4.0', '0.0', '4.0', NULL, NULL, NULL, NULL, NULL, 'EXPORTADA', 'INYECTORA 2', '337398', '337546', '148', '1/4 KG (x 15)', '2200'),
	('IN1-78', '1', '2023-04-10 14:58:42', '2023-04-11 08:22:28', '2', '2023-04-10 11:00:00', '2023-04-10 15:00:00', '4.0', '0.0', '4.0', '0.0', '4.0', NULL, NULL, NULL, NULL, NULL, 'EXPORTADA', 'INYECTORA 1', '425938', '426162', '224', '1/2 KG (x 10)', '2200'),
	('IN1-79', '1', '2023-04-11 14:53:50', '2023-04-13 09:02:05', '12', '2023-04-11 07:00:00', '2023-04-11 15:00:00', '8.0', '0.0', '8.0', '0.483333', '7.51667', NULL, NULL, NULL, NULL, NULL, 'EXPORTADA', 'INYECTORA 1', '426162', '426622', '460', '1/2 KG (x 10)', '4600'),
	('IN1-8', '1', '2023-03-10 14:57:01', NULL, '11', '2023-03-10 07:00:00', '2023-03-10 15:00:00', '8.0', '0.0', '8.0', '0.0', '8.0', NULL, NULL, NULL, NULL, NULL, 'CARGADA', 'INYECTORA 3', '276037', '276399', '362', '1 KG (X 10)', '3700'),
	('IN1-80', '1', '2023-04-11 14:55:33', '2023-04-13 09:02:06', '11', '2023-04-11 07:00:00', '2023-04-11 15:00:00', '8.0', '0.0', '8.0', '0.0', '8.0', NULL, NULL, NULL, NULL, NULL, 'EXPORTADA', 'INYECTORA 2', '337546', '337945', '399', '1/4 KG (x 15)', '6000'),
	('IN1-81', '1', '2023-04-11 14:57:26', '2023-04-13 09:02:06', '2', '2023-04-11 08:15:00', '2023-04-11 15:00:00', '6.75', '0.0', '6.75', '0.0', '6.75', NULL, NULL, NULL, NULL, NULL, 'EXPORTADA', 'INYECTORA 3', '283700', '284050', '350', '1 KG (X 10)', '3500'),
	('IN1-82', '1', '2023-04-12 14:54:01', '2023-04-13 09:02:06', '12', '2023-04-12 07:00:00', '2023-04-12 15:00:00', '8.0', '0.0', '8.0', '0.0', '8.0', NULL, NULL, NULL, NULL, NULL, 'EXPORTADA', 'INYECTORA 1', '426622', '427108', '486', '1/2 KG (x 10)', '4800'),
	('IN1-83', '1', '2023-04-12 14:55:26', '2023-04-13 09:02:06', '13', '2023-04-12 07:00:00', '2023-04-12 15:00:00', '8.0', '0.0', '8.0', '0.0', '8.0', NULL, NULL, NULL, NULL, NULL, 'EXPORTADA', 'INYECTORA 2', '337945', '338326', '381', '1/4 KG (x 15)', '5700'),
	('IN1-84', '1', '2023-04-12 14:56:52', '2023-04-13 09:02:06', '2', '2023-04-12 07:20:00', '2023-04-12 15:00:00', '7.66667', '0.0', '7.66667', '0.0', '7.66667', NULL, NULL, NULL, NULL, NULL, 'EXPORTADA', 'INYECTORA 3', '284050', '284442', '392', '1 KG (X 10)', '3900'),
	('IN1-85', '1', '2023-04-13 14:51:09', '2023-04-14 09:25:23', '12', '2023-04-13 07:00:00', '2023-04-13 15:00:00', '8.0', '0.0', '8.0', '0.0', '8.0', NULL, NULL, NULL, NULL, NULL, 'EXPORTADA', 'INYECTORA 1', '427108', '427591', '483', '1/2 KG (x 10)', '4800'),
	('IN1-86', '1', '2023-04-13 14:52:56', '2023-04-14 09:25:23', '11', '2023-04-13 07:00:00', '2023-04-13 15:00:00', '8.0', '0.0', '8.0', '0.0', '8.0', NULL, NULL, NULL, NULL, NULL, 'EXPORTADA', 'INYECTORA 2', '338326', '338714', '388', '1/4 KG (x 15)', '5800'),
	('IN1-87', '1', '2023-04-13 14:54:01', '2023-04-14 09:25:23', '13', '2023-04-13 09:00:00', '2023-04-13 15:00:00', '6.0', '0.0', '6.0', '0.0', '6.0', NULL, NULL, NULL, NULL, NULL, 'EXPORTADA', 'INYECTORA 3', '284552', '284823', '271', '1 KG (X 10)', '2700'),
	('IN1-88', '1', '2023-04-14 14:53:41', '2023-04-15 09:41:29', '12', '2023-04-14 07:00:00', '2023-04-14 15:00:00', '8.0', '0.0', '8.0', '0.5', '7.5', NULL, NULL, NULL, NULL, NULL, 'EXPORTADA', 'INYECTORA 1', '427591', '428054', '463', '1/2 KG (x 10)', '4600'),
	('IN1-89', '1', '2023-04-14 14:55:56', '2023-04-15 09:41:29', '2', '2023-04-14 08:25:00', '2023-04-14 15:00:00', '6.58333', '0.0', '6.58333', '0.5', '6.08333', NULL, NULL, NULL, NULL, NULL, 'EXPORTADA', 'INYECTORA 2', '338714', '339022', '308', '1/4 KG (x 15)', '4600'),
	('IN1-9', '1', '2023-03-11 08:15:07', NULL, '13', '2023-03-10 07:00:00', '2023-03-10 15:00:00', '8.0', '0.0', '8.0', '0.0', '8.0', NULL, NULL, NULL, NULL, NULL, 'CARGADA', 'INYECTORA 2', '330366', '330724', '358', '1/4 KG (x 15)', '5300'),
	('IN1-90', '1', '2023-04-14 14:57:44', '2023-04-15 09:41:29', '13', '2023-04-14 07:00:00', '2023-04-14 15:00:00', '8.0', '0.0', '8.0', '0.5', '7.5', NULL, NULL, NULL, NULL, NULL, 'EXPORTADA', 'INYECTORA 3', '284823', '285184', '361', '1 KG (X 10)', '3500'),
	('IN1-91', '1', '2023-04-17 14:57:19', NULL, '12', '2023-04-17 08:00:00', '2023-04-17 15:00:00', '7.0', '0.0', '7.0', '0.683333', '6.31667', NULL, NULL, NULL, NULL, NULL, 'CARGADA', 'INYECTORA 1', '428085', '428480', '395', '1/2 KG (x 10)', '3900'),
	('IN1-92', '1', '2023-04-17 14:58:31', NULL, '11', '2023-04-17 08:00:00', '2023-04-17 15:00:00', '7.0', '0.0', '7.0', '0.25', '6.75', NULL, NULL, NULL, NULL, NULL, 'CARGADA', 'INYECTORA 3', '285191', '285531', '340', '1 KG (X 10)', '3400'),
	('IN1-93', '1', '2023-04-17 14:59:58', NULL, '13', '2023-04-17 08:00:00', '2023-04-17 15:00:00', '7.0', '0.0', '7.0', '0.333333', '6.66667', NULL, NULL, NULL, NULL, NULL, 'CARGADA', 'INYECTORA 2', '339031', '339359', '328', '1/4 KG (x 15)', '4900'),
	('IN1-94', '1', '2023-04-18 14:56:18', NULL, '12', '2023-04-18 07:00:00', '2023-04-18 15:00:00', '8.0', '0.0', '8.0', '0.0', '8.0', NULL, NULL, NULL, NULL, NULL, 'CARGADA', 'INYECTORA 1', '428485', '428967', '482', '1/2 KG (x 10)', '4800'),
	('IN1-95', '1', '2023-04-18 14:58:37', NULL, '11', '2023-04-18 07:00:00', '2023-04-18 15:00:00', '8.0', '0.0', '8.0', '0.0', '8.0', NULL, NULL, NULL, NULL, NULL, 'CARGADA', 'INYECTORA 3', '285540', '285929', '389', '1 KG (X 10)', '3900'),
	('IN1-96', '1', '2023-04-18 15:00:32', NULL, '13', '2023-04-18 07:00:00', '2023-04-18 15:00:00', '8.0', '0.0', '8.0', '0.0', '8.0', NULL, NULL, NULL, NULL, NULL, 'CARGADA', 'INYECTORA 2', '339363', '339695', '332', '1/4 KG (x 15)', '4900'),
	('IN1-97', '1', '2023-04-19 14:54:55', NULL, '12', '2023-04-19 07:00:00', '2023-04-19 15:00:00', '8.0', '0.0', '8.0', '0.0', '8.0', NULL, NULL, NULL, NULL, NULL, 'CARGADA', 'INYECTORA 1', '428967', '429446', '479', '1/2 KG (x 10)', '4700'),
	('IN1-98', '1', '2023-04-19 14:56:24', NULL, '11', '2023-04-19 07:00:00', '2023-04-19 15:00:00', '8.0', '0.0', '8.0', '0.0', '8.0', NULL, NULL, NULL, NULL, NULL, 'CARGADA', 'INYECTORA 3', '285930', '286330', '400', '1 KG (X 10)', '4000'),
	('IN1-99', '1', '2023-04-19 14:57:53', NULL, '13', '2023-04-19 07:00:00', '2023-04-19 15:00:00', '8.0', '0.0', '8.0', '0.0', '8.0', NULL, NULL, NULL, NULL, NULL, 'CARGADA', 'INYECTORA 2', '339695', '340062', '367', '1/4 KG (x 15)', '5500'),
	('IN2-1', '2', '2023-03-30 10:03:18', NULL, '13', '2023-03-30 07:00:00', '2023-03-30 10:00:00', '3.0', '0.0', '3.0', '0.0', '3.0', NULL, NULL, NULL, NULL, NULL, 'CARGADA', 'INYECTORA 2', '335250', '335384', '134', '1/4 KG (x 15)', '2000'),
	('IN2-2', '2', '2023-04-13 09:13:59', '2023-04-14 09:25:23', '2', '2023-04-13 07:00:00', '2023-04-13 09:00:00', '2.0', '0.0', '2.0', '0.0', '2.0', NULL, NULL, NULL, NULL, NULL, 'EXPORTADA', 'INYECTORA 1', '284442', '284552', '110', '1 KG (X 10)', '1100'),
	('IN3-1', '3', '2023-05-11 06:51:23', NULL, '7', '2023-05-10 10:00:00', '2023-05-10 14:22:00', '4.36667', '0.0', '4.36667', '0.0', '4.36667', NULL, NULL, NULL, NULL, NULL, 'CARGADA', 'INYECTORA 1', '289605', '289826', '221', '1 KG (X 10)', '2200');

-- Volcando datos para la tabla mtdb.paradas_no_prog: ~41 rows
DELETE FROM `paradas_no_prog`;
INSERT INTO `paradas_no_prog` (`id_pnoprog`, `id_terminal`, `fh_creacion`, `fh_modificacion`, `id_pprod`, `fh_inicio`, `fh_fin`, `duracion`, `motivo`, `descripcion`, `estado`) VALUES
	('1-1', 1, '2023-03-07 16:08:06', NULL, 'IN1-2', '2023-03-07 15:00:00', '2023-03-07 16:00:00', 1, 'ORDEN DE ENCARGADO', NULL, NULL),
	('1-10', 1, '2023-04-04 09:29:58', NULL, 'IN1-66', '2023-04-03 14:10:00', '2023-04-03 14:20:00', 0.166667, 'ORDEN DE ENCARGADO', NULL, NULL),
	('1-11', 1, '2023-04-04 14:54:58', NULL, 'IN1-68', '2023-04-04 09:10:00', '2023-04-04 09:17:00', 0.116667, 'ORDEN DE ENCARGADO', NULL, NULL),
	('1-12', 1, '2023-04-04 14:57:06', NULL, 'IN1-69', '2023-04-04 13:05:00', '2023-04-04 13:25:00', 0.333333, 'FALTA DE VAPOR/AGUA/AIRE', NULL, NULL),
	('1-13', 1, '2023-04-04 14:58:58', NULL, 'IN1-70', '2023-04-04 09:10:00', '2023-04-04 09:17:00', 0.116667, 'ORDEN DE ENCARGADO', NULL, NULL),
	('1-14', 1, '2023-04-05 14:56:50', NULL, 'IN1-71', '2023-04-05 07:25:00', '2023-04-05 07:35:00', 0.166667, 'ORDEN DE ENCARGADO', NULL, NULL),
	('1-15', 1, '2023-04-05 14:59:02', NULL, 'IN1-72', '2023-04-05 07:25:00', '2023-04-05 07:35:00', 0.166667, 'ORDEN DE ENCARGADO', NULL, NULL),
	('1-16', 1, '2023-04-06 14:35:41', NULL, 'IN1-74', '2023-04-06 10:00:00', '2023-04-06 10:05:00', 0.0833333, 'ORDEN DE ENCARGADO', NULL, NULL),
	('1-17', 1, '2023-04-06 14:35:41', NULL, 'IN1-74', '2023-04-06 10:20:00', '2023-04-06 10:27:00', 0.116667, 'CORTE DE ENERGA', NULL, NULL),
	('1-18', 1, '2023-04-06 14:37:37', NULL, 'IN1-75', '2023-04-06 10:20:00', '2023-04-06 10:27:00', 0.116667, 'CORTE DE ENERGA', NULL, NULL),
	('1-19', 1, '2023-04-06 14:40:50', NULL, 'IN1-76', '2023-04-06 10:20:00', '2023-04-06 10:27:00', 0.116667, 'CORTE DE ENERGA', NULL, NULL),
	('1-2', 1, '2023-03-07 16:10:55', NULL, 'IN1-3', '2023-03-07 15:00:00', '2023-03-07 16:00:00', 1, 'ORDEN DE ENCARGADO', NULL, NULL),
	('1-20', 1, '2023-04-11 14:53:50', NULL, 'IN1-79', '2023-04-11 07:41:00', '2023-04-11 08:10:00', 0.483333, 'FALLA EN MQUINA', NULL, NULL),
	('1-21', 1, '2023-04-14 14:53:41', NULL, 'IN1-88', '2023-04-14 12:30:00', '2023-04-14 13:00:00', 0.5, 'FALTA DE VAPOR/AGUA/AIRE', NULL, NULL),
	('1-22', 1, '2023-04-14 14:55:56', NULL, 'IN1-89', '2023-04-14 12:30:00', '2023-04-14 13:00:00', 0.5, 'FALTA DE VAPOR/AGUA/AIRE', NULL, NULL),
	('1-23', 1, '2023-04-14 14:57:44', NULL, 'IN1-90', '2023-04-14 12:30:00', '2023-04-14 13:00:00', 0.5, 'FALTA DE VAPOR/AGUA/AIRE', NULL, NULL),
	('1-24', 1, '2023-04-17 14:57:19', NULL, 'IN1-91', '2023-04-17 08:00:00', '2023-04-17 08:41:00', 0.683333, 'FALLA EN MQUINA', NULL, NULL),
	('1-25', 1, '2023-04-17 14:58:31', NULL, 'IN1-92', '2023-04-17 08:00:00', '2023-04-17 08:15:00', 0.25, 'FALLA EN MQUINA', NULL, NULL),
	('1-26', 1, '2023-04-17 14:59:58', NULL, 'IN1-93', '2023-04-17 08:00:00', '2023-04-17 08:20:00', 0.333333, 'FALLA EN MQUINA', NULL, NULL),
	('1-27', 1, '2023-04-20 14:54:10', NULL, 'IN1-100', '2023-04-20 13:10:00', '2023-04-20 13:40:00', 0.5, 'ORDEN DE ENCARGADO', NULL, NULL),
	('1-28', 1, '2023-04-20 14:54:10', NULL, 'IN1-100', '2023-04-20 13:52:00', '2023-04-20 13:56:00', 0.0666667, 'ORDEN DE ENCARGADO', NULL, NULL),
	('1-29', 1, '2023-04-21 12:01:00', NULL, 'IN1-103', '2023-04-21 07:00:00', '2023-04-21 07:30:00', 0.5, 'FALLA EN MQUINA', NULL, NULL),
	('1-3', 1, '2023-03-08 14:59:05', NULL, 'IN1-4', '2023-03-08 07:00:00', '2023-03-08 07:05:00', 0.0833333, 'CORTE DE ENERGA', NULL, NULL),
	('1-30', 1, '2023-05-03 14:54:18', NULL, 'IN1-123', '2023-05-03 09:07:00', '2023-05-03 10:05:00', 0.966667, 'CORTE DE ENERGA', NULL, NULL),
	('1-31', 1, '2023-05-03 14:56:29', NULL, 'IN1-124', '2023-05-03 09:07:00', '2023-05-03 10:05:00', 0.966667, 'CORTE DE ENERGA', NULL, NULL),
	('1-32', 1, '2023-05-03 14:59:17', NULL, 'IN1-125', '2023-05-03 09:07:00', '2023-05-03 10:05:00', 0.966667, 'CORTE DE ENERGA', NULL, NULL),
	('1-33', 1, '2023-05-05 14:59:46', NULL, 'IN1-130', '2023-05-05 07:00:00', '2023-05-05 07:40:00', 0.666667, 'FALTA DE VAPOR/AGUA/AIRE', NULL, NULL),
	('1-34', 1, '2023-05-05 15:02:17', NULL, 'IN1-132', '2023-05-05 07:00:00', '2023-05-05 07:40:00', 0.666667, 'FALTA DE VAPOR/AGUA/AIRE', NULL, NULL),
	('1-35', 1, '2023-05-16 15:49:45', NULL, 'IN1-146', '2023-05-16 07:00:00', '2023-05-16 08:00:00', 1, 'OTRO MOTIVO', NULL, NULL),
	('1-4', 1, '2023-03-08 14:59:05', NULL, 'IN1-4', '2023-03-08 08:27:00', '2023-03-08 08:37:00', 0.166667, 'PREPARACIN DE MQUINA', NULL, NULL),
	('1-5', 1, '2023-03-08 15:00:36', NULL, 'IN1-5', '2023-03-08 07:00:00', '2023-03-08 07:05:00', 0.0833333, 'CORTE DE ENERGA', NULL, NULL),
	('1-6', 1, '2023-03-29 14:58:26', NULL, 'IN1-55', '2023-03-29 12:30:00', '2023-03-29 12:45:00', 0.25, 'FALTA DE VAPOR/AGUA/AIRE', NULL, NULL),
	('1-7', 1, '2023-03-29 15:02:29', NULL, 'IN1-56', '2023-03-29 12:30:00', '2023-03-29 12:45:00', 0.25, 'FALTA DE VAPOR/AGUA/AIRE', NULL, NULL),
	('1-8', 1, '2023-03-29 15:04:24', NULL, 'IN1-57', '2023-03-29 12:30:00', '2023-03-29 12:45:00', 0.25, 'FALTA DE VAPOR/AGUA/AIRE', NULL, NULL),
	('1-9', 1, '2023-04-04 09:29:58', NULL, 'IN1-66', '2023-04-03 13:50:00', '2023-04-03 14:00:00', 0.166667, 'ORDEN DE ENCARGADO', NULL, NULL),
	('2-1', 2, '2023-03-16 14:56:41', NULL, 'LA2-1', '2023-03-16 11:30:00', '2023-03-16 12:00:00', 0.5, 'FALLA EN MQUINA', NULL, NULL),
	('2-2', 2, '2023-03-16 14:56:41', NULL, 'LA2-1', '2023-03-16 13:15:00', '2023-03-16 15:00:00', 1.75, 'FALLA EN MQUINA', NULL, NULL),
	('2-3', 2, '2023-03-20 13:53:24', NULL, 'LA2-2', '2023-03-20 06:00:00', '2023-03-20 08:00:00', 2, 'PREPARACIN DE MQUINA', NULL, NULL),
	('2-4', 2, '2023-03-20 13:53:24', NULL, 'LA2-2', '2023-03-20 12:30:00', '2023-03-20 13:00:00', 0.5, 'ORDEN DE ENCARGADO', NULL, NULL),
	('3-1', 3, '2023-03-10 14:55:43', NULL, 'LA3-4', '2023-03-10 13:30:00', '2023-03-10 14:15:00', 0.75, 'PREPARACIN DE MQUINA', NULL, NULL),
	('3-2', 3, '2023-05-13 09:31:05', NULL, 'LA3-35', '2023-05-13 07:32:00', '2023-05-13 08:45:00', 1.21667, 'OTRO MOTIVO', NULL, NULL),
	('3-3', 3, '2023-05-13 09:31:05', NULL, 'LA3-35', '2023-05-13 10:26:00', '2023-05-13 13:00:00', 2.56667, 'OTRO MOTIVO', NULL, NULL),
	('3-4', 3, '2023-05-15 14:55:20', NULL, 'LA3-37', '2023-05-15 08:20:00', '2023-05-15 10:30:00', 2.16667, 'OTRO MOTIVO', NULL, NULL),
	('3-5', 3, '2023-06-05 08:23:10', NULL, 'LA3-45', '2023-06-05 08:00:00', '2023-06-05 10:15:00', 2.25, 'OTRO MOTIVO', NULL, NULL);

-- Volcando datos para la tabla mtdb.paradas_prog: ~43 rows
DELETE FROM `paradas_prog`;
INSERT INTO `paradas_prog` (`id_pprog`, `id_terminal`, `fh_creacion`, `fh_modificacion`, `id_usuario`, `id_pprod`, `fh_inicio`, `fh_fin`, `duracion`, `motivo`, `comentarios`, `estado`) VALUES
	('1-1', 1, '2023-04-21 13:56:56', NULL, 12, 'IN1-104', '2023-04-21 07:00:00', '2023-04-21 14:00:00', 7, 'CORTE DE JORNADA', NULL, NULL),
	('1-2', 1, '2023-04-21 13:59:21', NULL, 2, 'IN1-105', '2023-04-21 07:00:00', '2023-04-21 14:00:00', 7, 'CORTE DE JORNADA', NULL, NULL),
	('1-3', 1, '2023-04-21 14:06:16', NULL, 13, 'IN1-106', '2023-04-21 12:30:00', '2023-04-21 14:00:00', 1.5, 'CORTE DE JORNADA', NULL, NULL),
	('1-4', 1, '2023-05-12 14:55:06', NULL, 12, 'IN1-138', '2023-05-12 15:00:00', '2023-05-12 16:00:00', 1, 'CORTE DE JORNADA', NULL, NULL),
	('1-5', 1, '2023-05-12 15:00:41', NULL, 2, 'IN1-141', '2023-05-12 15:00:00', '2023-05-12 16:00:00', 1, 'CORTE DE JORNADA', NULL, NULL),
	('2-1', 2, '2023-03-16 14:56:41', NULL, 4, 'LA2-1', '2023-03-16 12:00:00', '2023-03-16 12:30:00', 0.5, 'DESCANSO/RECESO', NULL, NULL),
	('2-10', 2, '2023-04-01 10:10:21', NULL, 4, 'LA2-10', '2023-03-20 12:00:00', '2023-03-20 12:30:00', 0.5, 'DESCANSO/RECESO', NULL, NULL),
	('2-11', 2, '2023-04-03 19:46:32', NULL, 4, 'LA2-12', '2023-04-03 12:00:00', '2023-04-03 12:30:00', 0.5, 'DESCANSO/RECESO', NULL, NULL),
	('2-12', 2, '2023-04-04 19:56:43', NULL, 4, 'LA2-13', '2023-04-04 12:00:00', '2023-04-04 12:30:00', 0.5, 'DESCANSO/RECESO', NULL, NULL),
	('2-13', 2, '2023-04-05 14:42:29', NULL, 4, 'LA2-14', '2023-04-05 12:00:00', '2023-04-05 12:30:00', 0.5, 'DESCANSO/RECESO', NULL, NULL),
	('2-14', 2, '2023-04-06 14:35:40', NULL, 4, 'LA2-15', '2023-04-06 12:00:00', '2023-04-06 12:30:00', 0.5, 'DESCANSO/RECESO', NULL, NULL),
	('2-15', 2, '2023-04-17 14:39:36', NULL, 4, 'LA2-20', '2023-04-17 12:00:00', '2023-04-17 12:30:00', 0.5, 'DESCANSO/RECESO', NULL, NULL),
	('2-16', 2, '2023-04-18 15:57:55', NULL, 4, 'LA2-21', '2023-04-18 12:00:00', '2023-04-18 12:30:00', 0.5, 'DESCANSO/RECESO', NULL, NULL),
	('2-17', 2, '2023-04-19 11:10:17', NULL, 4, 'LA2-22', '2023-04-19 12:00:00', '2023-04-19 12:30:00', 0.5, 'DESCANSO/RECESO', NULL, NULL),
	('2-18', 2, '2023-04-20 15:51:47', NULL, 4, 'LA2-23', '2023-04-20 12:00:00', '2023-04-20 12:30:00', 0.5, 'DESCANSO/RECESO', NULL, NULL),
	('2-19', 2, '2023-04-21 15:46:06', NULL, 4, 'LA2-24', '2023-04-21 12:00:00', '2023-04-21 12:30:00', 0.5, 'DESCANSO/RECESO', NULL, NULL),
	('2-2', 2, '2023-03-20 13:53:24', NULL, 4, 'LA2-2', '2023-03-20 12:00:00', '2023-03-20 12:30:00', 0.5, 'DESCANSO/RECESO', NULL, NULL),
	('2-20', 2, '2023-04-24 15:36:56', NULL, 4, 'LA2-26', '2023-04-24 12:00:00', '2023-04-24 12:30:00', 0.5, 'DESCANSO/RECESO', NULL, NULL),
	('2-21', 2, '2023-04-25 15:57:56', NULL, 4, 'LA2-27', '2023-04-25 12:00:00', '2023-04-25 12:30:00', 0.5, 'DESCANSO/RECESO', NULL, NULL),
	('2-22', 2, '2023-04-26 15:51:06', NULL, 4, 'LA2-28', '2023-04-26 12:00:00', '2023-04-26 12:30:00', 0.5, 'DESCANSO/RECESO', NULL, NULL),
	('2-23', 2, '2023-04-27 15:57:38', NULL, 4, 'LA2-29', '2023-04-27 12:00:00', '2023-04-27 12:30:00', 0.5, 'DESCANSO/RECESO', NULL, NULL),
	('2-24', 2, '2023-04-28 15:04:31', NULL, 4, 'LA2-30', '2023-04-28 12:00:00', '2023-04-28 12:30:00', 0.5, 'DESCANSO/RECESO', NULL, NULL),
	('2-25', 2, '2023-05-02 15:52:11', NULL, 4, 'LA2-31', '2023-05-02 12:00:00', '2023-05-02 12:30:00', 0.5, 'DESCANSO/RECESO', NULL, NULL),
	('2-26', 2, '2023-05-03 15:58:55', NULL, 4, 'LA2-32', '2023-05-03 12:00:00', '2023-05-03 12:30:00', 0.5, 'DESCANSO/RECESO', NULL, NULL),
	('2-27', 2, '2023-05-04 10:16:06', NULL, 4, 'LA2-33', '2023-05-04 12:00:00', '2023-05-04 12:30:00', 0.5, 'DESCANSO/RECESO', NULL, NULL),
	('2-28', 2, '2023-05-05 15:54:42', NULL, 4, 'LA2-34', '2023-05-05 12:00:00', '2023-05-05 13:00:00', 1, 'DESCANSO/RECESO', NULL, NULL),
	('2-29', 2, '2023-05-11 15:50:03', NULL, 4, 'LA2-35', '2023-05-11 12:00:00', '2023-05-11 12:30:00', 0.5, 'DESCANSO/RECESO', NULL, NULL),
	('2-3', 2, '2023-03-21 13:40:20', NULL, 4, 'LA2-3', '2023-03-21 12:00:00', '2023-03-21 12:30:00', 0.5, 'DESCANSO/RECESO', NULL, NULL),
	('2-30', 2, '2023-05-12 13:53:43', NULL, 4, 'LA2-36', '2023-05-12 12:00:00', '2023-05-12 12:30:00', 0.5, 'DESCANSO/RECESO', NULL, NULL),
	('2-31', 2, '2023-05-15 15:15:46', NULL, 4, 'PE2-1', '2023-05-15 12:00:00', '2023-05-15 12:30:00', 0.5, 'DESCANSO/RECESO', NULL, NULL),
	('2-32', 2, '2023-06-07 15:52:52', NULL, 4, 'LA2-37', '2023-06-07 12:00:00', '2023-06-07 12:30:00', 0.5, 'DESCANSO/RECESO', NULL, NULL),
	('2-33', 2, '2023-06-08 15:41:49', NULL, 4, 'LA2-38', '2023-06-08 12:00:00', '2023-06-08 12:30:00', 0.5, 'DESCANSO/RECESO', NULL, NULL),
	('2-34', 2, '2023-06-09 15:44:55', NULL, 4, 'LA2-39', '2023-06-09 12:00:00', '2023-06-09 12:30:00', 0.5, 'DESCANSO/RECESO', NULL, NULL),
	('2-35', 2, '2023-06-13 15:40:06', NULL, 4, 'LA2-40', '2023-06-13 12:00:00', '2023-06-13 12:30:00', 0.5, 'DESCANSO/RECESO', NULL, NULL),
	('2-4', 2, '2023-03-22 13:48:33', NULL, 4, 'LA2-4', '2023-03-22 12:00:00', '2023-03-22 12:30:00', 0.5, 'DESCANSO/RECESO', NULL, NULL),
	('2-5', 2, '2023-03-24 13:35:01', NULL, 4, 'LA2-5', '2023-03-24 12:00:00', '2023-03-24 12:30:00', 0.5, 'DESCANSO/RECESO', NULL, NULL),
	('2-6', 2, '2023-03-27 14:51:58', NULL, 4, 'LA2-6', '2023-03-27 12:00:00', '2023-03-27 12:30:00', 0.5, 'DESCANSO/RECESO', NULL, NULL),
	('2-7', 2, '2023-03-28 15:02:04', NULL, 4, 'LA2-7', '2023-03-28 12:00:00', '2023-03-28 12:30:00', 0.5, 'DESCANSO/RECESO', NULL, NULL),
	('2-8', 2, '2023-03-30 15:05:26', NULL, 4, 'LA2-8', '2023-03-30 12:00:00', '2023-03-30 12:30:00', 0.5, 'DESCANSO/RECESO', NULL, NULL),
	('2-9', 2, '2023-03-31 15:00:58', NULL, 4, 'LA2-9', '2023-03-31 12:00:00', '2023-03-31 12:30:00', 0.5, 'DESCANSO/RECESO', NULL, NULL),
	('3-1', 3, '2023-03-09 14:55:47', NULL, 4, 'LA3-2', '2023-03-09 12:00:00', '2023-03-09 12:30:00', 0.5, 'DESCANSO/RECESO', NULL, NULL),
	('3-2', 3, '2023-03-10 14:55:43', NULL, 4, 'LA3-4', '2023-03-10 12:00:00', '2023-03-10 12:30:00', 0.5, 'DESCANSO/RECESO', NULL, NULL),
	('3-3', 3, '2023-03-13 15:00:29', NULL, 4, 'LA3-5', '2023-03-13 12:00:00', '2023-03-13 12:30:00', 0.5, 'DESCANSO/RECESO', NULL, NULL),
	('3-4', 3, '2023-03-14 14:53:11', NULL, 4, 'LA3-6', '2023-03-14 12:00:00', '2023-03-14 12:30:00', 0.5, 'DESCANSO/RECESO', NULL, NULL),
	('3-5', 3, '2023-03-15 14:44:34', NULL, 4, 'LA3-7', '2023-03-15 12:00:00', '2023-03-15 12:30:00', 0.5, 'DESCANSO/RECESO', NULL, NULL);

-- Volcando datos para la tabla mtdb.partes_de_trabajo: ~26 rows
DELETE FROM `partes_de_trabajo`;
INSERT INTO `partes_de_trabajo` (`id_ptrabajo`, `id_terminal`, `fh_creacion`, `fh_modificacion`, `id_usuario`, `id_pprod`, `fh_inicio`, `fh_fin`, `actividad`, `duracion`, `comentarios`, `estado`) VALUES
	('1-1', 1, '2023-03-07 16:08:06', NULL, 11, 'IN1-2', '2023-03-07 15:00:00', '2023-03-07 16:00:00', 'ORDEN Y LIMPIEZA', 1, NULL, NULL),
	('1-10', 1, '2023-04-11 14:53:50', NULL, 12, 'IN1-79', '2023-04-11 07:41:00', '2023-04-11 08:10:00', 'CARGA DE CAMIN', 0.483333, NULL, NULL),
	('1-11', 1, '2023-04-14 14:53:41', NULL, 12, 'IN1-88', '2023-04-14 12:30:00', '2023-04-14 13:00:00', 'ORDEN Y LIMPIEZA', 0.5, NULL, NULL),
	('1-12', 1, '2023-04-14 14:55:56', NULL, 2, 'IN1-89', '2023-04-14 12:30:00', '2023-04-14 13:00:00', 'ORDEN Y LIMPIEZA', 0.5, NULL, NULL),
	('1-13', 1, '2023-04-14 14:57:44', NULL, 13, 'IN1-90', '2023-04-14 12:30:00', '2023-04-14 13:00:00', 'ORDEN Y LIMPIEZA', 0.5, NULL, NULL),
	('1-14', 1, '2023-04-20 14:54:10', NULL, 12, 'IN1-100', '2023-04-20 13:10:00', '2023-04-20 13:40:00', 'MANTENIMIENTO', 0.5, NULL, NULL),
	('1-15', 1, '2023-04-20 14:54:10', NULL, 12, 'IN1-100', '2023-04-20 13:52:00', '2023-04-20 13:56:00', 'MANTENIMIENTO', 0.0666667, NULL, NULL),
	('1-16', 1, '2023-04-21 12:01:00', NULL, 11, 'IN1-103', '2023-04-21 07:00:00', '2023-04-21 07:30:00', 'MANTENIMIENTO', 0.5, NULL, NULL),
	('1-17', 1, '2023-05-03 14:54:18', NULL, 12, 'IN1-123', '2023-05-03 09:07:00', '2023-05-03 10:05:00', 'MANTENIMIENTO', 0.966667, NULL, NULL),
	('1-18', 1, '2023-05-03 14:56:29', NULL, 13, 'IN1-124', '2023-05-03 09:07:00', '2023-05-03 10:05:00', 'ORDEN Y LIMPIEZA', 0.966667, NULL, NULL),
	('1-19', 1, '2023-05-03 14:59:17', NULL, 2, 'IN1-125', '2023-05-03 09:07:00', '2023-05-03 10:05:00', 'ORDEN Y LIMPIEZA', 0.966667, NULL, NULL),
	('1-2', 1, '2023-03-07 16:10:55', NULL, 13, 'IN1-3', '2023-03-07 15:00:00', '2023-03-07 16:00:00', 'ORDEN Y LIMPIEZA', 1, NULL, NULL),
	('1-20', 1, '2023-05-05 14:59:46', NULL, 12, 'IN1-130', '2023-05-05 07:00:00', '2023-05-05 07:40:00', 'MANTENIMIENTO', 0.666667, NULL, NULL),
	('1-21', 1, '2023-05-05 15:02:17', NULL, 13, 'IN1-132', '2023-05-05 07:00:00', '2023-05-05 07:40:00', 'MANTENIMIENTO', 0.666667, NULL, NULL),
	('1-22', 1, '2023-05-16 15:49:45', NULL, 2, 'IN1-146', '2023-05-16 07:00:00', '2023-05-16 08:00:00', 'ORDEN Y LIMPIEZA', 1, NULL, 'CARGADA'),
	('1-3', 1, '2023-04-04 09:29:58', NULL, 12, 'IN1-66', '2023-04-03 13:50:00', '2023-04-03 14:00:00', 'MANTENIMIENTO', 0.166667, NULL, NULL),
	('1-4', 1, '2023-04-04 09:29:58', NULL, 12, 'IN1-66', '2023-04-03 14:10:00', '2023-04-03 14:20:00', 'MANTENIMIENTO', 0.166667, NULL, NULL),
	('1-5', 1, '2023-04-04 14:54:58', NULL, 12, 'IN1-68', '2023-04-04 09:10:00', '2023-04-04 09:17:00', 'MANTENIMIENTO', 0.116667, NULL, NULL),
	('1-6', 1, '2023-04-04 14:58:58', NULL, 13, 'IN1-70', '2023-04-04 09:10:00', '2023-04-04 09:17:00', 'MANTENIMIENTO', 0.116667, NULL, NULL),
	('1-7', 1, '2023-04-05 14:56:50', NULL, 12, 'IN1-71', '2023-04-05 07:25:00', '2023-04-05 07:35:00', 'MANTENIMIENTO', 0.166667, NULL, NULL),
	('1-8', 1, '2023-04-05 14:59:02', NULL, 13, 'IN1-72', '2023-04-05 07:25:00', '2023-04-05 07:35:00', 'MANTENIMIENTO', 0.166667, NULL, NULL),
	('1-9', 1, '2023-04-06 14:35:41', NULL, 12, 'IN1-74', '2023-04-06 10:00:00', '2023-04-06 10:05:00', 'MANTENIMIENTO', 0.0833333, NULL, NULL),
	('2-1', 2, '2023-03-16 14:56:41', NULL, 4, 'LA2-1', '2023-03-16 11:30:00', '2023-03-16 12:00:00', 'ORDEN Y LIMPIEZA', 0.5, NULL, NULL),
	('2-2', 2, '2023-03-16 14:56:41', NULL, 4, 'LA2-1', '2023-03-16 13:15:00', '2023-03-16 15:00:00', 'MANTENIMIENTO', 1.75, NULL, NULL),
	('2-3', 2, '2023-03-20 13:53:24', NULL, 4, 'LA2-2', '2023-03-20 12:30:00', '2023-03-20 13:00:00', 'MANTENIMIENTO', 0.5, NULL, NULL),
	('3-1', 3, '2023-05-13 09:31:04', NULL, 7, 'LA3-35', '2023-05-13 07:32:00', '2023-05-13 08:45:00', 'CARGA DE CAMIN', 1.21667, NULL, NULL),
	('3-2', 3, '2023-05-13 09:31:05', NULL, 7, 'LA3-35', '2023-05-13 10:26:00', '2023-05-13 13:00:00', 'ORDEN Y LIMPIEZA', 2.56667, NULL, NULL),
	('3-3', 3, '2023-05-15 14:55:20', '2023-05-15 14:57:11', 7, 'LA3-37', '2023-05-15 08:20:00', '2023-05-15 10:30:00', 'CARGA DE CAMIN', 2.16667, NULL, 'ANULADA'),
	('3-4', 3, '2023-05-15 14:58:32', NULL, 7, NULL, '2023-05-15 08:20:00', '2023-05-15 10:30:00', 'CARGA DE CAMIN', 2.16667, NULL, 'CARGADA'),
	('3-5', 3, '2023-06-05 08:23:10', NULL, 7, 'LA3-45', '2023-06-05 08:00:00', '2023-06-05 10:15:00', 'MANTENIMIENTO', 2.25, NULL, 'CARGADA');


